runDate,stations,trainId,trainCode,index,trainStationId,scheduledArrival,scheduledDeparture,distance,dayCount,day,scheduledArrival_delta,scheduledDeparture_delta,arrival_delay,departure_delay
2020-02-20 00:00:00,1,11528,1,1,2657812,2020-02-20 00:00:00,2020-02-20 21:40:00,0,0,Thursday,0.0,1300.0,2.1206548,3.3031292
2020-02-20 00:00:00,2,11528,1,2,2659393,2020-02-20 22:05:00,2020-02-20 22:07:00,32,0,Thursday,1325.0,1327.0,9.253135,9.365163
2020-02-20 00:00:00,3,11528,1,3,2658108,2020-02-20 22:23:00,2020-02-20 22:25:00,45,0,Thursday,1343.0,1345.0,9.664788,10.060491
2020-02-20 00:00:00,4,11528,1,4,2734206,2020-02-20 22:38:00,2020-02-20 22:40:00,61,0,Thursday,1358.0,1360.0,11.350401,10.987972
2020-02-20 00:00:00,5,11528,1,5,2742572,2020-02-20 22:54:00,2020-02-20 22:56:00,76,0,Thursday,1374.0,1376.0,12.190215,12.34311
2020-02-20 00:00:00,6,11528,1,6,2657716,2020-02-20 23:25:00,2020-02-20 23:50:00,88,0,Thursday,1405.0,1430.0,9.689038,9.976499
2020-02-20 00:00:00,7,11528,1,7,2658362,2020-02-21 00:14:00,2020-02-21 00:16:00,122,1,Thursday,1454.0,1456.0,16.684515,17.68225
2020-02-20 00:00:00,8,11528,1,8,2659151,2020-02-21 00:31:00,2020-02-21 00:33:00,140,1,Thursday,1471.0,1473.0,16.812693,17.51486
2020-02-20 00:00:00,9,11528,1,9,2658107,2020-02-21 00:47:00,2020-02-21 00:49:00,156,1,Thursday,1487.0,1489.0,16.908258,17.51486
2020-02-20 00:00:00,10,11528,1,10,2733490,2020-02-21 01:02:00,2020-02-21 01:04:00,172,1,Thursday,1502.0,1504.0,16.908258,17.51486
2020-02-20 00:00:00,11,11528,1,11,2659348,2020-02-21 01:21:00,2020-02-21 01:23:00,186,1,Thursday,1521.0,1523.0,16.815657,17.612568
2020-02-20 00:00:00,12,11528,1,12,2657804,2020-02-21 01:33:00,2020-02-21 01:35:00,198,1,Thursday,1533.0,1535.0,16.91139,17.724289
2020-02-20 00:00:00,13,11528,1,13,2659565,2020-02-21 01:54:00,2020-02-21 01:56:00,224,1,Thursday,1554.0,1556.0,16.91139,17.724289
2020-02-20 00:00:00,14,11528,1,14,2658192,2020-02-21 02:25:00,2020-02-21 02:28:00,258,1,Thursday,1585.0,1588.0,16.201817,17.183369
2020-02-20 00:00:00,15,11528,1,15,2659284,2020-02-21 03:10:00,2020-02-21 03:12:00,315,1,Thursday,1630.0,1632.0,15.872852,17.639399
2020-02-20 00:00:00,16,11528,1,16,2657989,2020-02-21 03:38:00,2020-02-21 03:40:00,355,1,Thursday,1658.0,1660.0,17.347689,18.71997
2020-02-20 00:00:00,51,11528,1,17,2658315,2020-02-21 04:18:00,2020-02-21 04:20:00,374,1,Thursday,1698.0,1700.0,14.222924,17.013092
2020-02-20 00:00:00,17,11528,1,18,2659013,2020-02-21 04:33:00,2020-02-21 04:35:00,382,1,Thursday,1713.0,1715.0,16.450092,17.324938
2020-02-20 00:00:00,18,11528,1,19,2657756,2020-02-21 05:00:00,2020-02-21 05:15:00,386,1,Thursday,1740.0,1755.0,14.163471,16.43464
2020-02-20 00:00:00,19,11528,1,20,2659398,2020-02-21 05:41:00,2020-02-21 05:43:00,414,1,Thursday,1781.0,1783.0,19.660494,21.87829
2020-02-20 00:00:00,20,11528,1,21,2734622,2020-02-21 06:57:00,2020-02-21 06:59:00,486,1,Thursday,1857.0,1859.0,19.702688,23.672636
2020-02-20 00:00:00,21,11528,1,22,2659144,2020-02-21 07:38:00,2020-02-21 07:40:00,527,1,Thursday,1898.0,1900.0,24.239374,27.048994
2020-02-20 00:00:00,22,11528,1,23,2659326,2020-02-21 08:14:00,2020-02-21 08:16:00,577,1,Thursday,1934.0,1936.0,28.424356,29.489464
2020-02-20 00:00:00,23,11528,1,24,2657986,2020-02-21 08:30:00,2020-02-21 08:35:00,581,1,Thursday,1950.0,1955.0,27.74209,29.799381
2020-02-20 00:00:00,24,11528,1,25,2659095,2020-02-21 09:25:00,2020-02-21 09:27:00,634,1,Thursday,2005.0,2007.0,30.349722,32.127354
2020-02-20 00:00:00,25,11528,1,26,2659193,2020-02-21 09:53:00,2020-02-21 09:55:00,661,1,Thursday,2033.0,2035.0,28.185713,32.692368
2020-02-20 00:00:00,26,11528,1,27,2658454,2020-02-21 10:35:00,2020-02-21 10:40:00,699,1,Thursday,2075.0,2080.0,33.827595,36.917103
2020-02-20 00:00:00,27,11528,1,28,2658414,2020-02-21 11:15:00,2020-02-21 11:17:00,741,1,Thursday,2115.0,2117.0,37.339054,40.780365
2020-02-20 00:00:00,28,11528,1,29,2658432,2020-02-21 11:38:00,2020-02-21 11:40:00,772,1,Thursday,2138.0,2140.0,39.86077,44.11923
2020-02-20 00:00:00,29,11528,1,30,2659350,2020-02-21 12:25:00,2020-02-21 12:35:00,797,1,Thursday,2185.0,2195.0,40.49122,44.040676
2020-02-20 00:00:00,30,11528,1,31,2657894,2020-02-21 13:00:00,2020-02-21 13:02:00,822,1,Thursday,2220.0,2222.0,44.42452,46.71904
2020-02-20 00:00:00,31,11528,1,32,2658398,2020-02-21 13:47:00,2020-02-21 13:49:00,887,1,Thursday,2267.0,2269.0,54.464436,54.481075
2020-02-20 00:00:00,32,11528,1,33,2657929,2020-02-21 14:45:00,2020-02-21 14:50:00,950,1,Thursday,2325.0,2330.0,65.33696,65.33568
2020-02-20 00:00:00,33,11528,1,34,2657881,2020-02-21 15:23:00,2020-02-21 15:25:00,996,1,Thursday,2363.0,2365.0,67.46048,68.57547
2020-02-20 00:00:00,34,11528,1,35,2658012,2020-02-21 15:52:00,2020-02-21 15:54:00,1035,1,Thursday,2392.0,2394.0,68.12096,69.992966
2020-02-20 00:00:00,35,11528,1,36,2658194,2020-02-21 16:50:00,2020-02-21 16:55:00,1088,1,Thursday,2450.0,2455.0,68.00081,69.302055
2020-02-20 00:00:00,36,11528,1,37,2658440,2020-02-21 17:07:00,2020-02-21 17:09:00,1095,1,Thursday,2467.0,2469.0,66.97477,69.27483
2020-02-20 00:00:00,37,11528,1,38,2658443,2020-02-21 18:13:00,2020-02-21 18:15:00,1162,1,Thursday,2533.0,2535.0,71.42003,72.973236
2020-02-20 00:00:00,38,11528,1,39,2658804,2020-02-21 18:40:00,2020-02-21 18:46:00,1180,1,Thursday,2560.0,2566.0,72.27326,73.75125
2020-02-20 00:00:00,39,11528,1,40,2731917,2020-02-21 19:13:00,2020-02-21 19:15:00,1214,1,Thursday,2593.0,2595.0,72.39792,73.74168
2020-02-20 00:00:00,40,11528,1,41,2658940,2020-02-21 19:43:00,2020-02-21 19:45:00,1256,1,Thursday,2623.0,2625.0,74.13233,73.30049
2020-02-20 00:00:00,41,11528,1,42,2731952,2020-02-21 20:10:00,2020-02-21 20:12:00,1288,1,Thursday,2650.0,2652.0,72.39544,72.525986
2020-02-20 00:00:00,42,11528,1,43,2658041,2020-02-21 21:35:00,2020-02-21 21:40:00,1364,1,Thursday,2735.0,2740.0,66.390045,67.357994
2020-02-20 00:00:00,43,11528,1,44,2657885,2020-02-21 22:28:00,2020-02-21 22:30:00,1433,1,Thursday,2788.0,2790.0,63.55259,64.808624
2020-02-20 00:00:00,44,11528,1,45,2657664,2020-02-21 23:30:00,2020-02-21 23:35:00,1487,1,Thursday,2850.0,2855.0,60.794525,65.23544
2020-02-20 00:00:00,45,11528,1,46,2658959,2020-02-21 23:59:00,2020-02-22 00:01:00,1511,2,Thursday,2879.0,2881.0,63.15385,63.73461
2020-02-20 00:00:00,46,11528,1,47,2658714,2020-02-22 00:59:00,2020-02-22 01:01:00,1604,2,Thursday,2939.0,2941.0,62.367157,63.331676
2020-02-20 00:00:00,47,11528,1,48,2658996,2020-02-22 01:50:00,2020-02-22 01:55:00,1671,2,Thursday,2990.0,2995.0,59.850143,59.931744
2020-02-20 00:00:00,48,11528,1,49,2658902,2020-02-22 02:45:00,2020-02-22 02:50:00,1744,2,Thursday,3045.0,3050.0,62.612923,60.796677
2020-02-20 00:00:00,49,11528,1,50,2733304,2020-02-22 02:58:00,2020-02-22 03:00:00,1750,2,Thursday,3058.0,3060.0,61.239372,61.829857
2020-02-20 00:00:00,50,11528,1,51,2658818,2020-02-22 04:25:00,2020-02-22 04:30:00,1795,2,Thursday,3145.0,3150.0,47.375443,50.027256
2020-02-20 00:00:00,53,11528,1,52,2658310,2020-02-22 06:20:00,2020-02-22 06:25:00,1877,2,Thursday,3260.0,3265.0,38.19336,39.204006
2020-02-20 00:00:00,54,11528,1,53,2658794,2020-02-22 07:02:00,2020-02-22 07:05:00,1919,2,Thursday,3302.0,3305.0,36.41601,36.014793
2020-02-20 00:00:00,52,11528,1,54,10448787,2020-02-22 07:45:00,2020-02-22 00:00:00,1928,2,Thursday,3345.0,2880.0,41.53936,11.305014
2020-02-20 00:00:00,52,11529,2,1,10448787,2020-02-20 00:00:00,2020-02-20 14:55:00,0,0,Thursday,0.0,895.0,1.6190858,3.7920237
2020-02-20 00:00:00,54,11529,2,2,2658794,2020-02-20 15:02:00,2020-02-20 15:05:00,9,0,Thursday,902.0,905.0,4.8712373,5.4363337
2020-02-20 00:00:00,55,11529,2,3,2658206,2020-02-20 15:30:00,2020-02-20 15:33:00,33,0,Thursday,930.0,933.0,7.712881,7.4983006
2020-02-20 00:00:00,53,11529,2,4,2658310,2020-02-20 15:55:00,2020-02-20 15:58:00,51,0,Thursday,955.0,958.0,7.7208767,8.020014
2020-02-20 00:00:00,56,11529,2,5,2658819,2020-02-20 16:58:00,2020-02-20 17:00:00,118,0,Thursday,1018.0,1020.0,12.251242,13.287127
2020-02-20 00:00:00,50,11529,2,6,2658818,2020-02-20 17:30:00,2020-02-20 17:35:00,133,0,Thursday,1050.0,1055.0,11.957432,12.855596
2020-02-20 00:00:00,49,11529,2,7,2733304,2020-02-20 18:15:00,2020-02-20 18:17:00,178,0,Thursday,1095.0,1097.0,11.528572,13.044628
2020-02-20 00:00:00,48,11529,2,8,2658902,2020-02-20 18:25:00,2020-02-20 18:30:00,183,0,Thursday,1105.0,1110.0,11.627636,13.044628
2020-02-20 00:00:00,57,11529,2,9,2658921,2020-02-20 18:58:00,2020-02-20 19:00:00,215,0,Thursday,1138.0,1140.0,11.520243,13.579211
2020-02-20 00:00:00,58,11529,2,10,2658888,2020-02-20 19:18:00,2020-02-20 19:20:00,231,0,Thursday,1158.0,1160.0,11.520243,13.494181
2020-02-20 00:00:00,47,11529,2,11,2658996,2020-02-20 19:42:00,2020-02-20 19:45:00,256,0,Thursday,1182.0,1185.0,11.816931,13.710466
2020-02-20 00:00:00,59,11529,2,12,2659357,2020-02-20 20:08:00,2020-02-20 20:10:00,282,0,Thursday,1208.0,1210.0,11.7095375,13.810489
2020-02-20 00:00:00,46,11529,2,13,2658714,2020-02-20 20:38:00,2020-02-20 20:40:00,324,0,Thursday,1238.0,1240.0,11.9739895,13.8154955
2020-02-20 00:00:00,60,11529,2,14,2659051,2020-02-20 21:08:00,2020-02-20 21:10:00,368,0,Thursday,1268.0,1270.0,13.0117,14.79451
2020-02-20 00:00:00,45,11529,2,15,2658959,2020-02-20 21:48:00,2020-02-20 21:50:00,416,0,Thursday,1308.0,1310.0,14.856683,17.207039
2020-02-20 00:00:00,44,11529,2,16,2657664,2020-02-20 22:20:00,2020-02-20 22:25:00,440,0,Thursday,1340.0,1345.0,15.271769,17.701382
2020-02-20 00:00:00,86,11529,2,17,2659096,2020-02-20 22:44:00,2020-02-20 22:45:00,453,0,Thursday,1364.0,1365.0,16.000376,17.804037
2020-02-20 00:00:00,87,11529,2,18,2658441,2020-02-20 23:03:00,2020-02-20 23:05:00,471,0,Thursday,1383.0,1385.0,16.274746,17.903795
2020-02-20 00:00:00,88,11529,2,19,2659030,2020-02-20 23:23:00,2020-02-20 23:25:00,490,0,Thursday,1403.0,1405.0,16.236748,17.854387
2020-02-20 00:00:00,89,11529,2,20,2658901,2020-02-20 23:48:00,2020-02-20 23:50:00,518,0,Thursday,1428.0,1430.0,15.879569,16.947084
2020-02-20 00:00:00,90,11529,2,21,2733461,2020-02-21 00:13:00,2020-02-21 00:15:00,530,1,Thursday,1453.0,1455.0,16.405928,17.536432
2020-02-20 00:00:00,61,11529,2,22,2658547,2020-02-21 00:28:00,2020-02-21 00:30:00,543,1,Thursday,1468.0,1470.0,16.99961,18.032627
2020-02-20 00:00:00,62,11529,2,23,2658847,2020-02-21 01:10:00,2020-02-21 01:15:00,580,1,Thursday,1510.0,1515.0,16.575966,17.744236
2020-02-20 00:00:00,63,11529,2,24,2659323,2020-02-21 01:45:00,2020-02-21 01:47:00,617,1,Thursday,1545.0,1547.0,16.575966,17.292662
2020-02-20 00:00:00,64,11529,2,25,2658859,2020-02-21 02:35:00,2020-02-21 02:40:00,659,1,Thursday,1595.0,1600.0,14.593411,16.844147
2020-02-20 00:00:00,65,11529,2,26,2658592,2020-02-21 03:05:00,2020-02-21 03:07:00,688,1,Thursday,1625.0,1627.0,14.940349,16.666636
2020-02-20 00:00:00,66,11529,2,27,2659179,2020-02-21 03:20:00,2020-02-21 03:22:00,704,1,Thursday,1640.0,1642.0,15.1975765,17.175873
2020-02-20 00:00:00,67,11529,2,28,2658333,2020-02-21 03:37:00,2020-02-21 03:39:00,724,1,Thursday,1657.0,1659.0,15.7396965,17.459759
2020-02-20 00:00:00,68,11529,2,29,2658999,2020-02-21 04:10:00,2020-02-21 04:20:00,754,1,Thursday,1690.0,1700.0,15.2479515,16.996693
2020-02-20 00:00:00,69,11529,2,30,2658373,2020-02-21 04:25:00,2020-02-21 04:27:00,757,1,Thursday,1705.0,1707.0,15.899944,17.086248
2020-02-20 00:00:00,70,11529,2,31,2658195,2020-02-21 06:15:00,2020-02-21 06:16:00,769,1,Thursday,1815.0,1816.0,16.890564,17.712343
2020-02-20 00:00:00,71,11529,2,32,2658762,2020-02-21 06:30:00,2020-02-21 06:31:00,776,1,Thursday,1830.0,1831.0,16.890564,17.712343
2020-02-20 00:00:00,72,11529,2,33,2658757,2020-02-21 04:48:00,2020-02-21 04:50:00,786,1,Thursday,1728.0,1730.0,15.77225,17.21936
2020-02-20 00:00:00,73,11529,2,34,2658236,2020-02-21 06:53:00,2020-02-21 06:54:00,793,1,Thursday,1853.0,1854.0,17.52656,18.169361
2020-02-20 00:00:00,74,11529,2,35,2659370,2020-02-21 07:13:00,2020-02-21 07:14:00,808,1,Thursday,1873.0,1874.0,17.81375,18.169361
2020-02-20 00:00:00,75,11529,2,36,2733459,2020-02-21 07:25:00,2020-02-21 07:26:00,821,1,Thursday,1885.0,1886.0,15.519652,16.258614
2020-02-20 00:00:00,76,11529,2,37,2659433,2020-02-21 05:35:00,2020-02-21 05:37:00,830,1,Thursday,1775.0,1777.0,12.369077,13.690171
2020-02-20 00:00:00,77,11529,2,38,2658633,2020-02-21 07:36:00,2020-02-21 07:37:00,831,1,Thursday,1896.0,1897.0,13.293834,13.351552
2020-02-20 00:00:00,78,11529,2,39,2659359,2020-02-21 06:05:00,2020-02-21 00:00:00,833,1,Thursday,1805.0,1440.0,9.300147,6.2248907
2020-02-20 00:00:00,79,11529,2,40,2658822,2020-02-21 07:47:00,2020-02-21 07:48:00,843,1,Thursday,1907.0,1908.0,9.326305,7.797026
2020-02-20 00:00:00,80,11529,2,41,2657773,2020-02-21 07:58:00,2020-02-21 07:59:00,853,1,Thursday,1918.0,1919.0,9.326305,7.3094115
2020-02-20 00:00:00,81,11529,2,42,2658360,2020-02-21 08:09:00,2020-02-21 08:10:00,862,1,Thursday,1929.0,1930.0,9.847382,7.8492436
2020-02-20 00:00:00,82,11529,2,43,2658780,2020-02-21 08:30:00,2020-02-21 08:32:00,877,1,Thursday,1950.0,1952.0,10.135401,8.544004
2020-02-20 00:00:00,83,11529,2,44,2733414,2020-02-21 08:41:00,2020-02-21 08:42:00,882,1,Thursday,1961.0,1962.0,10.135401,7.558847
2020-02-20 00:00:00,84,11529,2,45,2750135,2020-02-21 08:47:00,2020-02-21 08:48:00,886,1,Thursday,1967.0,1968.0,11.384246,10.914097
2020-02-20 00:00:00,85,11529,2,46,2658211,2020-02-21 09:45:00,2020-02-21 00:00:00,891,1,Thursday,2025.0,1440.0,13.757099,6.5800796
2020-02-20 00:00:00,91,11615,3,1,2659471,2020-02-20 00:00:00,2020-02-20 09:00:00,0,0,Thursday,0.0,540.0,1.6814979,4.073306
2020-02-20 00:00:00,92,11615,3,2,2658151,2020-02-20 09:10:00,2020-02-20 09:12:00,4,0,Thursday,550.0,552.0,3.0724332,4.9953957
2020-02-20 00:00:00,93,11615,3,3,2657967,2020-02-20 09:21:00,2020-02-20 09:23:00,14,0,Thursday,561.0,563.0,7.291931,8.176867
2020-02-20 00:00:00,94,11615,3,4,2657742,2020-02-20 10:08:00,2020-02-20 10:10:00,70,0,Thursday,608.0,610.0,13.374463,14.743981
2020-02-20 00:00:00,95,11615,3,5,2658185,2020-02-20 10:36:00,2020-02-20 10:38:00,104,0,Thursday,636.0,638.0,13.183941,14.602577
2020-02-20 00:00:00,96,11615,3,6,2657662,2020-02-20 11:28:00,2020-02-20 11:30:00,145,0,Thursday,688.0,690.0,11.477578,13.229411
2020-02-20 00:00:00,97,11615,3,7,2658215,2020-02-20 12:35:00,2020-02-20 12:40:00,229,0,Thursday,755.0,760.0,12.300118,13.558603
2020-02-20 00:00:00,98,11615,3,8,2658079,2020-02-20 13:33:00,2020-02-20 13:35:00,290,0,Thursday,813.0,815.0,12.536127,14.405966
2020-02-20 00:00:00,99,11615,3,9,2658933,2020-02-20 15:15:00,2020-02-20 15:40:00,359,0,Thursday,915.0,940.0,8.702594,13.049209
2020-02-20 00:00:00,100,11615,3,10,2657687,2020-02-20 17:43:00,2020-02-20 17:45:00,496,0,Thursday,1063.0,1065.0,10.322939,14.104042
2020-02-20 00:00:00,101,11615,3,11,2659518,2020-02-20 18:06:00,2020-02-20 18:08:00,535,0,Thursday,1086.0,1088.0,15.144136,17.357042
2020-02-20 00:00:00,102,11615,3,12,2657808,2020-02-20 19:33:00,2020-02-20 19:34:00,651,0,Thursday,1173.0,1174.0,15.93308,18.592981
2020-02-20 00:00:00,103,11615,3,13,2657824,2020-02-20 22:10:00,2020-02-20 22:20:00,790,0,Thursday,1330.0,1340.0,9.206648,14.066933
2020-02-20 00:00:00,104,11615,3,14,2659008,2020-02-21 01:05:00,2020-02-21 01:06:00,996,1,Thursday,1505.0,1506.0,16.06002,19.721294
2020-02-20 00:00:00,105,11615,3,15,2733232,2020-02-21 02:39:00,2020-02-21 02:40:00,1098,1,Thursday,1599.0,1600.0,17.40216,19.912397
2020-02-20 00:00:00,106,11615,3,16,2733191,2020-02-21 03:32:00,2020-02-21 03:33:00,1170,1,Thursday,1652.0,1653.0,21.315086,23.265123
2020-02-20 00:00:00,85,11615,3,17,2658211,2020-02-21 04:55:00,2020-02-21 05:05:00,1240,1,Thursday,1735.0,1745.0,14.536745,19.745417
2020-02-20 00:00:00,82,11615,3,18,2658780,2020-02-21 05:19:00,2020-02-21 05:20:00,1253,1,Thursday,1759.0,1760.0,16.276709,20.004515
2020-02-20 00:00:00,69,11615,3,19,2658373,2020-02-21 07:02:00,2020-02-21 07:03:00,1372,1,Thursday,1862.0,1863.0,14.492227,19.343706
2020-02-20 00:00:00,78,11615,3,20,2659359,2020-02-21 08:25:00,2020-02-21 08:30:00,1448,1,Thursday,1945.0,1950.0,12.187089,16.659327
2020-02-20 00:00:00,107,11615,3,21,2658393,2020-02-21 10:08:00,2020-02-21 10:09:00,1553,1,Thursday,2048.0,2049.0,18.129446,21.965181
2020-02-20 00:00:00,108,11615,3,22,2657828,2020-02-21 11:40:00,2020-02-21 11:41:00,1639,1,Thursday,2140.0,2141.0,18.494555,27.135284
2020-02-20 00:00:00,109,11615,3,23,2731936,2020-02-21 12:22:00,2020-02-21 12:24:00,1676,1,Thursday,2182.0,2184.0,25.265257,28.53579
2020-02-20 00:00:00,38,11615,3,24,2658804,2020-02-21 14:25:00,2020-02-21 14:35:00,1746,1,Thursday,2305.0,2315.0,16.715214,22.746305
2020-02-20 00:00:00,110,11615,3,25,2658657,2020-02-21 15:28:00,2020-02-21 15:30:00,1814,1,Thursday,2368.0,2370.0,27.588644,30.2653
2020-02-20 00:00:00,111,11615,3,26,2658919,2020-02-21 16:32:00,2020-02-21 16:34:00,1907,1,Thursday,2432.0,2434.0,30.18527,32.083035
2020-02-20 00:00:00,112,11615,3,27,2659444,2020-02-21 17:50:00,2020-02-21 18:00:00,1992,1,Thursday,2510.0,2520.0,32.268578,36.972034
2020-02-20 00:00:00,113,11615,3,28,2658224,2020-02-21 19:25:00,2020-02-21 19:30:00,2082,1,Thursday,2605.0,2610.0,35.82146,46.04799
2020-02-20 00:00:00,114,11615,3,29,2659313,2020-02-21 20:13:00,2020-02-21 20:15:00,2145,1,Thursday,2653.0,2655.0,44.805195,48.088226
2020-02-20 00:00:00,115,11615,3,30,2658311,2020-02-21 21:00:00,2020-02-21 21:10:00,2181,1,Thursday,2700.0,2710.0,45.051823,49.095257
2020-02-20 00:00:00,116,11615,3,31,10448784,2020-02-22 01:10:00,2020-02-22 01:15:00,2351,2,Thursday,2950.0,2955.0,41.642273,43.990826
2020-02-20 00:00:00,117,11615,3,32,2659327,2020-02-22 02:40:00,2020-02-22 02:45:00,2431,2,Thursday,3040.0,3045.0,40.275566,40.90667
2020-02-20 00:00:00,118,11615,3,33,10448973,2020-02-22 05:08:00,2020-02-22 05:18:00,2494,2,Thursday,3188.0,3198.0,15.86144,19.243477
2020-02-20 00:00:00,119,11615,3,34,2657796,2020-02-22 06:32:00,2020-02-22 06:34:00,2588,2,Thursday,3272.0,3274.0,22.583292,24.102768
2020-02-20 00:00:00,120,11615,3,35,2657706,2020-02-22 07:53:00,2020-02-22 07:55:00,2657,2,Thursday,3353.0,3355.0,18.588434,22.226591
2020-02-20 00:00:00,121,11615,3,36,2659203,2020-02-22 09:05:00,2020-02-22 00:00:00,2696,2,Thursday,3425.0,2880.0,21.936308,6.8542094
2020-02-20 00:00:00,122,13260,4,1,2659041,2020-02-20 00:00:00,2020-02-20 19:40:00,0,0,Thursday,0.0,1180.0,2.062001,13.787072
2020-02-20 00:00:00,123,13260,4,2,2733587,2020-02-20 20:50:00,2020-02-20 20:55:00,95,0,Thursday,1250.0,1255.0,19.381166,20.608444
2020-02-20 00:00:00,124,13260,4,3,2659071,2020-02-20 21:43:00,2020-02-20 21:45:00,158,0,Thursday,1303.0,1305.0,20.9757,21.658024
2020-02-20 00:00:00,125,13260,4,4,2657726,2020-02-20 22:17:00,2020-02-20 22:22:00,201,0,Thursday,1337.0,1342.0,22.667643,23.575558
2020-02-20 00:00:00,126,13260,4,5,2659097,2020-02-20 23:26:00,2020-02-20 23:31:00,259,0,Thursday,1406.0,1411.0,23.53901,23.685575
2020-02-20 00:00:00,127,13260,4,6,2658618,2020-02-20 23:56:00,2020-02-21 00:01:00,289,1,Thursday,1436.0,1441.0,25.41256,26.485659
2020-02-20 00:00:00,128,13260,4,7,2734393,2020-02-21 00:12:00,2020-02-21 00:15:00,307,1,Thursday,1452.0,1455.0,26.82023,25.931414
2020-02-20 00:00:00,129,13260,4,8,2658990,2020-02-21 00:36:00,2020-02-21 00:39:00,334,1,Thursday,1476.0,1479.0,27.586275,26.596521
2020-02-20 00:00:00,130,13260,4,9,2733883,2020-02-21 01:11:00,2020-02-21 01:14:00,382,1,Thursday,1511.0,1514.0,27.6952,28.18339
2020-02-20 00:00:00,131,13260,4,10,2657836,2020-02-21 02:55:00,2020-02-21 03:00:00,458,1,Thursday,1615.0,1620.0,22.652605,24.948122
2020-02-20 00:00:00,132,13260,4,11,2659213,2020-02-21 03:57:00,2020-02-21 03:59:00,543,1,Thursday,1677.0,1679.0,29.813646,30.409628
2020-02-20 00:00:00,133,13260,4,12,2658320,2020-02-21 04:12:00,2020-02-21 04:14:00,561,1,Thursday,1692.0,1694.0,33.468346,33.3196
2020-02-20 00:00:00,134,13260,4,13,2657908,2020-02-21 04:45:00,2020-02-21 04:47:00,609,1,Thursday,1725.0,1727.0,33.434303,34.384045
2020-02-20 00:00:00,118,13260,4,14,10448973,2020-02-21 06:10:00,2020-02-21 06:25:00,663,1,Thursday,1810.0,1825.0,28.311075,30.062456
2020-02-20 00:00:00,117,13260,4,15,2659327,2020-02-21 07:35:00,2020-02-21 07:37:00,727,1,Thursday,1895.0,1897.0,32.76874,33.33501
2020-02-20 00:00:00,135,13260,4,16,2658173,2020-02-21 09:00:00,2020-02-21 09:10:00,816,1,Thursday,1980.0,1990.0,41.49596,42.86157
2020-02-20 00:00:00,136,13260,4,17,2657927,2020-02-21 10:50:00,2020-02-21 10:52:00,933,1,Thursday,2090.0,2092.0,77.78759,76.88949
2020-02-20 00:00:00,137,13260,4,18,2658594,2020-02-21 12:25:00,2020-02-21 12:35:00,1010,1,Thursday,2185.0,2195.0,74.849,77.717964
2020-02-20 00:00:00,138,13260,4,19,2658263,2020-02-21 13:44:00,2020-02-21 13:46:00,1094,1,Thursday,2264.0,2266.0,92.82981,93.697174
2020-02-20 00:00:00,139,13260,4,20,2659554,2020-02-21 14:25:00,2020-02-21 14:30:00,1150,1,Thursday,2305.0,2310.0,97.90117,96.9741
2020-02-20 00:00:00,140,13260,4,21,2658678,2020-02-21 15:06:00,2020-02-21 15:08:00,1205,1,Thursday,2346.0,2348.0,115.867744,113.53434
2020-02-20 00:00:00,141,13260,4,22,2657816,2020-02-21 15:30:00,2020-02-21 15:35:00,1225,1,Thursday,2370.0,2375.0,113.20615,111.11426
2020-02-20 00:00:00,142,13260,4,23,2658366,2020-02-21 16:10:00,2020-02-21 16:15:00,1242,1,Thursday,2410.0,2415.0,108.1119,106.84309
2020-02-20 00:00:00,143,13260,4,24,2659104,2020-02-21 16:53:00,2020-02-21 16:55:00,1290,1,Thursday,2453.0,2455.0,110.50613,108.10361
2020-02-20 00:00:00,144,13260,4,25,2658371,2020-02-21 17:20:00,2020-02-21 17:25:00,1320,1,Thursday,2480.0,2485.0,111.70213,110.36204
2020-02-20 00:00:00,145,13260,4,26,2658133,2020-02-21 17:55:00,2020-02-21 17:57:00,1363,1,Thursday,2515.0,2517.0,107.41168,105.404
2020-02-20 00:00:00,146,13260,4,27,2658532,2020-02-21 20:00:00,2020-02-21 20:02:00,1426,1,Thursday,2640.0,2642.0,88.502205,90.18081
2020-02-20 00:00:00,147,13260,4,28,2659025,2020-02-21 21:00:00,2020-02-21 21:30:00,1446,1,Thursday,2700.0,2730.0,83.71442,84.48297
2020-02-20 00:00:00,148,13260,4,29,2658271,2020-02-21 21:43:00,2020-02-21 21:45:00,1449,1,Thursday,2743.0,2745.0,84.5587,84.96408
2020-02-20 00:00:00,149,13260,4,30,2658765,2020-02-21 22:14:00,2020-02-21 22:16:00,1489,1,Thursday,2774.0,2776.0,86.134,86.60511
2020-02-20 00:00:00,150,13260,4,31,2731978,2020-02-21 22:29:00,2020-02-21 22:31:00,1505,1,Thursday,2789.0,2791.0,86.35363,86.61576
2020-02-20 00:00:00,151,13260,4,32,2658733,2020-02-21 22:43:00,2020-02-21 22:45:00,1518,1,Thursday,2803.0,2805.0,85.774635,86.028755
2020-02-20 00:00:00,152,13260,4,33,2658611,2020-02-21 23:01:00,2020-02-21 23:03:00,1535,1,Thursday,2821.0,2823.0,85.46993,86.14683
2020-02-20 00:00:00,153,13260,4,34,2658272,2020-02-21 23:30:00,2020-02-21 23:32:00,1569,1,Thursday,2850.0,2852.0,90.375206,90.55425
2020-02-20 00:00:00,154,13260,4,35,2659417,2020-02-22 00:36:00,2020-02-22 00:38:00,1602,2,Thursday,2916.0,2918.0,78.05382,78.05498
2020-02-20 00:00:00,155,13260,4,36,2659509,2020-02-22 01:55:00,2020-02-22 02:05:00,1644,2,Thursday,2995.0,3005.0,63.234528,62.518642
2020-02-20 00:00:00,156,13260,4,37,2658510,2020-02-22 02:55:00,2020-02-22 03:55:00,1689,2,Thursday,3055.0,3115.0,58.667152,49.127174
2020-02-20 00:00:00,157,13260,4,38,2658553,2020-02-22 04:08:00,2020-02-22 04:10:00,1698,2,Thursday,3128.0,3130.0,53.554455,48.132587
2020-02-20 00:00:00,158,13260,4,39,2658088,2020-02-22 04:35:00,2020-02-22 00:00:00,1714,2,Thursday,3155.0,2880.0,53.359055,12.987248
2020-02-20 00:00:00,122,11628,5,1,2659041,2020-02-20 00:00:00,2020-02-20 21:55:00,0,0,Thursday,0.0,1315.0,1.1086142,6.694873
2020-02-20 00:00:00,123,11628,5,2,2733587,2020-02-20 23:05:00,2020-02-20 23:10:00,95,0,Thursday,1385.0,1390.0,15.988477,15.541672
2020-02-20 00:00:00,159,11628,5,3,2658408,2020-02-20 23:47:00,2020-02-20 23:49:00,143,0,Thursday,1427.0,1429.0,15.291262,15.679183
2020-02-20 00:00:00,124,11628,5,4,2659071,2020-02-21 00:02:00,2020-02-21 00:04:00,158,1,Thursday,1442.0,1444.0,14.787108,15.877946
2020-02-20 00:00:00,160,11628,5,5,2659248,2020-02-21 00:21:00,2020-02-21 00:23:00,182,1,Thursday,1461.0,1463.0,17.870934,16.98934
2020-02-20 00:00:00,125,11628,5,6,2657726,2020-02-21 00:38:00,2020-02-21 00:43:00,201,1,Thursday,1478.0,1483.0,16.601908,17.529278
2020-02-20 00:00:00,161,11628,5,7,2657670,2020-02-21 01:03:00,2020-02-21 01:05:00,218,1,Thursday,1503.0,1505.0,18.454428,17.551722
2020-02-20 00:00:00,126,11628,5,8,2659097,2020-02-21 02:05:00,2020-02-21 02:10:00,259,1,Thursday,1565.0,1570.0,14.100014,16.254604
2020-02-20 00:00:00,127,11628,5,9,2658618,2020-02-21 02:34:00,2020-02-21 02:39:00,289,1,Thursday,1594.0,1599.0,14.47286,17.327385
2020-02-20 00:00:00,128,11628,5,10,2734393,2020-02-21 02:52:00,2020-02-21 02:54:00,307,1,Thursday,1612.0,1614.0,15.122651,17.587723
2020-02-20 00:00:00,129,11628,5,11,2658990,2020-02-21 03:21:00,2020-02-21 03:23:00,334,1,Thursday,1641.0,1643.0,15.199878,18.268467
2020-02-20 00:00:00,130,11628,5,12,2733883,2020-02-21 03:55:00,2020-02-21 03:57:00,382,1,Thursday,1675.0,1677.0,17.738909,19.959236
2020-02-20 00:00:00,131,11628,5,13,2657836,2020-02-21 05:19:00,2020-02-21 05:24:00,458,1,Thursday,1759.0,1764.0,16.855854,20.410015
2020-02-20 00:00:00,162,11628,5,14,2657990,2020-02-21 06:08:00,2020-02-21 06:10:00,527,1,Thursday,1808.0,1810.0,20.936522,21.670498
2020-02-20 00:00:00,132,11628,5,15,2659213,2020-02-21 06:26:00,2020-02-21 06:28:00,543,1,Thursday,1826.0,1828.0,23.399673,24.004135
2020-02-20 00:00:00,133,11628,5,16,2658320,2020-02-21 06:39:00,2020-02-21 06:41:00,561,1,Thursday,1839.0,1841.0,26.21592,26.400408
2020-02-20 00:00:00,134,11628,5,17,2657908,2020-02-21 07:12:00,2020-02-21 07:14:00,609,1,Thursday,1872.0,1874.0,27.953125,27.673483
2020-02-20 00:00:00,118,11628,5,18,10448973,2020-02-21 08:10:00,2020-02-21 08:30:00,663,1,Thursday,1930.0,1950.0,25.471691,25.58589
2020-02-20 00:00:00,163,11628,5,19,2657877,2020-02-21 09:12:00,2020-02-21 09:14:00,695,1,Thursday,1992.0,1994.0,30.095999,30.680489
2020-02-20 00:00:00,117,11628,5,20,2659327,2020-02-21 09:40:00,2020-02-21 09:45:00,727,1,Thursday,2020.0,2025.0,31.169182,31.640512
2020-02-20 00:00:00,164,11628,5,21,2657953,2020-02-21 09:55:00,2020-02-21 09:57:00,734,1,Thursday,2035.0,2037.0,34.825626,34.645897
2020-02-20 00:00:00,116,11628,5,22,10448784,2020-02-21 11:17:00,2020-02-21 11:22:00,807,1,Thursday,2117.0,2122.0,37.320232,38.84518
2020-02-20 00:00:00,165,11628,5,23,2658642,2020-02-21 11:53:00,2020-02-21 11:54:00,844,1,Thursday,2153.0,2154.0,48.694572,52.48973
2020-02-20 00:00:00,166,11628,5,24,2659032,2020-02-21 13:23:00,2020-02-21 13:25:00,899,1,Thursday,2243.0,2245.0,46.540867,50.21368
2020-02-20 00:00:00,115,11628,5,25,2658311,2020-02-21 14:40:00,2020-02-21 14:50:00,977,1,Thursday,2320.0,2330.0,45.05286,49.19731
2020-02-20 00:00:00,114,11628,5,26,2659313,2020-02-21 15:13:00,2020-02-21 15:15:00,1012,1,Thursday,2353.0,2355.0,51.15617,54.17894
2020-02-20 00:00:00,113,11628,5,27,2658224,2020-02-21 16:15:00,2020-02-21 16:20:00,1075,1,Thursday,2415.0,2420.0,51.74848,55.658318
2020-02-20 00:00:00,112,11628,5,28,2659444,2020-02-21 17:40:00,2020-02-21 17:50:00,1166,1,Thursday,2500.0,2510.0,55.910023,57.844803
2020-02-20 00:00:00,167,11628,5,29,2658579,2020-02-21 18:28:00,2020-02-21 18:30:00,1219,1,Thursday,2548.0,2550.0,60.669765,62.368176
2020-02-20 00:00:00,111,11628,5,30,2658919,2020-02-21 19:03:00,2020-02-21 19:05:00,1250,1,Thursday,2583.0,2585.0,57.0126,58.588875
2020-02-20 00:00:00,168,11628,5,31,2658865,2020-02-21 19:18:00,2020-02-21 19:20:00,1266,1,Thursday,2598.0,2600.0,60.551376,61.907196
2020-02-20 00:00:00,169,11628,5,32,2657869,2020-02-21 19:43:00,2020-02-21 19:45:00,1295,1,Thursday,2623.0,2625.0,59.082066,60.27346
2020-02-20 00:00:00,110,11628,5,33,2658657,2020-02-21 20:28:00,2020-02-21 20:30:00,1344,1,Thursday,2668.0,2670.0,55.563816,56.6236
2020-02-20 00:00:00,38,11628,5,34,2658804,2020-02-21 22:10:00,2020-02-21 22:20:00,1411,1,Thursday,2770.0,2780.0,48.242527,51.63476
2020-02-20 00:00:00,40,11628,5,35,2658940,2020-02-21 23:10:00,2020-02-21 23:12:00,1487,1,Thursday,2830.0,2832.0,48.46839,50.129456
2020-02-20 00:00:00,42,11628,5,36,2658041,2020-02-22 00:57:00,2020-02-22 01:00:00,1595,2,Thursday,2937.0,2940.0,35.741222,40.90458
2020-02-20 00:00:00,170,11628,5,37,2731950,2020-02-22 01:33:00,2020-02-22 01:35:00,1637,2,Thursday,2973.0,2975.0,45.7655,48.263226
2020-02-20 00:00:00,43,11628,5,38,2657885,2020-02-22 01:58:00,2020-02-22 02:00:00,1664,2,Thursday,2998.0,3000.0,35.539715,38.89052
2020-02-20 00:00:00,44,11628,5,39,2657664,2020-02-22 02:55:00,2020-02-22 03:00:00,1718,2,Thursday,3055.0,3060.0,33.88734,39.256245
2020-02-20 00:00:00,45,11628,5,40,2658959,2020-02-22 03:23:00,2020-02-22 03:25:00,1742,2,Thursday,3083.0,3085.0,36.86514,39.884823
2020-02-20 00:00:00,46,11628,5,41,2658714,2020-02-22 04:24:00,2020-02-22 04:25:00,1835,2,Thursday,3144.0,3145.0,40.37821,44.26493
2020-02-20 00:00:00,47,11628,5,42,2658996,2020-02-22 05:32:00,2020-02-22 05:35:00,1902,2,Thursday,3212.0,3215.0,35.334663,41.702927
2020-02-20 00:00:00,48,11628,5,43,2658902,2020-02-22 06:57:00,2020-02-22 07:00:00,1975,2,Thursday,3297.0,3300.0,36.557133,39.013767
2020-02-20 00:00:00,49,11628,5,44,2733304,2020-02-22 07:08:00,2020-02-22 07:10:00,1981,2,Thursday,3308.0,3310.0,36.3959,40.02481
2020-02-20 00:00:00,50,11628,5,45,2658818,2020-02-22 08:30:00,2020-02-22 08:35:00,2026,2,Thursday,3390.0,3395.0,28.404722,31.890314
2020-02-20 00:00:00,53,11628,5,46,2658310,2020-02-22 10:12:00,2020-02-22 10:15:00,2107,2,Thursday,3492.0,3495.0,30.896385,32.23764
2020-02-20 00:00:00,54,11628,5,47,2658794,2020-02-22 10:57:00,2020-02-22 11:00:00,2150,2,Thursday,3537.0,3540.0,27.193636,26.380335
2020-02-20 00:00:00,52,11628,5,48,10448787,2020-02-22 11:25:00,2020-02-22 00:00:00,2159,2,Thursday,3565.0,2880.0,30.16338,6.2217546
2020-02-20 00:00:00,18,11849,6,1,2657756,2020-02-20 00:00:00,2020-02-20 18:40:00,0,0,Thursday,0.0,1120.0,1.9587766,5.2877164
2020-02-20 00:00:00,21,11849,6,2,2659144,2020-02-20 20:35:00,2020-02-20 20:40:00,141,0,Thursday,1235.0,1240.0,15.715084,17.357182
2020-02-20 00:00:00,22,11849,6,3,2659326,2020-02-20 21:16:00,2020-02-20 21:18:00,191,0,Thursday,1276.0,1278.0,17.08271,18.472649
2020-02-20 00:00:00,23,11849,6,4,2657986,2020-02-20 21:30:00,2020-02-20 21:35:00,195,0,Thursday,1290.0,1295.0,17.08271,18.472649
2020-02-20 00:00:00,24,11849,6,5,2659095,2020-02-20 22:20:00,2020-02-20 22:22:00,248,0,Thursday,1340.0,1342.0,16.615988,18.702768
2020-02-20 00:00:00,25,11849,6,6,2659193,2020-02-20 22:45:00,2020-02-20 22:47:00,275,0,Thursday,1365.0,1367.0,16.462831,17.988441
2020-02-20 00:00:00,26,11849,6,7,2658454,2020-02-20 23:16:00,2020-02-20 23:21:00,313,0,Thursday,1396.0,1401.0,16.200228,17.851604
2020-02-20 00:00:00,29,11849,6,8,2659350,2020-02-21 00:45:00,2020-02-21 00:55:00,411,1,Thursday,1485.0,1495.0,20.960648,23.059357
2020-02-20 00:00:00,32,11849,6,9,2657929,2020-02-21 03:15:00,2020-02-21 03:20:00,564,1,Thursday,1635.0,1640.0,27.215904,29.100586
2020-02-20 00:00:00,33,11849,6,10,2657881,2020-02-21 03:52:00,2020-02-21 03:54:00,610,1,Thursday,1672.0,1674.0,31.01028,32.03968
2020-02-20 00:00:00,34,11849,6,11,2658012,2020-02-21 04:23:00,2020-02-21 04:25:00,649,1,Thursday,1703.0,1705.0,32.259468,33.652805
2020-02-20 00:00:00,35,11849,6,12,2658194,2020-02-21 05:20:00,2020-02-21 05:25:00,703,1,Thursday,1760.0,1765.0,32.291847,33.599796
2020-02-20 00:00:00,36,11849,6,13,2658440,2020-02-21 05:37:00,2020-02-21 05:39:00,709,1,Thursday,1777.0,1779.0,32.89961,33.798126
2020-02-20 00:00:00,37,11849,6,14,2658443,2020-02-21 06:50:00,2020-02-21 06:52:00,776,1,Thursday,1850.0,1852.0,34.8368,34.57172
2020-02-20 00:00:00,38,11849,6,15,2658804,2020-02-21 07:21:00,2020-02-21 07:30:00,794,1,Thursday,1881.0,1890.0,32.02495,33.414005
2020-02-20 00:00:00,109,11849,6,16,2731936,2020-02-21 08:28:00,2020-02-21 08:30:00,865,1,Thursday,1948.0,1950.0,27.315125,27.92026
2020-02-20 00:00:00,108,11849,6,17,2657828,2020-02-21 09:15:00,2020-02-21 09:18:00,901,1,Thursday,1995.0,1998.0,32.70657,33.314632
2020-02-20 00:00:00,171,11849,6,18,2657827,2020-02-21 09:43:00,2020-02-21 09:45:00,925,1,Thursday,2023.0,2025.0,35.474022,38.14633
2020-02-20 00:00:00,107,11849,6,19,2658393,2020-02-21 10:41:00,2020-02-21 10:43:00,988,1,Thursday,2081.0,2083.0,41.913506,43.28823
2020-02-20 00:00:00,172,11849,6,20,2657941,2020-02-21 10:59:00,2020-02-21 11:01:00,1007,1,Thursday,2099.0,2101.0,46.481216,48.39893
2020-02-20 00:00:00,78,11849,6,21,2659359,2020-02-21 12:25:00,2020-02-21 12:30:00,1093,1,Thursday,2185.0,2190.0,42.453793,48.087185
2020-02-20 00:00:00,69,11849,6,22,2658373,2020-02-21 13:32:00,2020-02-21 13:34:00,1169,1,Thursday,2252.0,2254.0,51.267853,51.20575
2020-02-20 00:00:00,73,11849,6,23,2658236,2020-02-21 14:02:00,2020-02-21 14:04:00,1202,1,Thursday,2282.0,2284.0,51.84169,53.844963
2020-02-20 00:00:00,82,11849,6,24,2658780,2020-02-21 15:08:00,2020-02-21 15:11:00,1288,1,Thursday,2348.0,2351.0,55.74274,57.176605
2020-02-20 00:00:00,85,11849,6,25,2658211,2020-02-21 16:00:00,2020-02-21 16:05:00,1301,1,Thursday,2400.0,2405.0,50.491848,55.335655
2020-02-20 00:00:00,106,11849,6,26,2733191,2020-02-21 16:54:00,2020-02-21 16:55:00,1371,1,Thursday,2454.0,2455.0,54.367237,56.239365
2020-02-20 00:00:00,173,11849,6,27,2732117,2020-02-21 17:31:00,2020-02-21 17:32:00,1410,1,Thursday,2491.0,2492.0,58.32943,60.81115
2020-02-20 00:00:00,174,11849,6,28,2658898,2020-02-21 17:48:00,2020-02-21 17:49:00,1429,1,Thursday,2508.0,2509.0,60.273693,63.05901
2020-02-20 00:00:00,105,11849,6,29,2733232,2020-02-21 17:59:00,2020-02-21 18:00:00,1443,1,Thursday,2519.0,2520.0,57.973335,59.99544
2020-02-20 00:00:00,104,11849,6,30,2659008,2020-02-21 19:30:00,2020-02-21 19:35:00,1544,1,Thursday,2610.0,2615.0,59.579216,61.158768
2020-02-20 00:00:00,175,11849,6,31,2658066,2020-02-21 20:58:00,2020-02-21 21:00:00,1652,1,Thursday,2698.0,2700.0,61.04414,62.445496
2020-02-20 00:00:00,103,11849,6,32,2657824,2020-02-21 23:15:00,2020-02-21 23:20:00,1751,1,Thursday,2835.0,2840.0,50.545643,49.537918
2020-02-20 00:00:00,176,11849,6,33,2657987,2020-02-21 23:48:00,2020-02-21 23:49:00,1783,1,Thursday,2868.0,2869.0,56.89098,56.979675
2020-02-20 00:00:00,177,11849,6,34,2658210,2020-02-22 00:21:00,2020-02-22 00:22:00,1825,2,Thursday,2901.0,2902.0,61.080696,60.534237
2020-02-20 00:00:00,178,11849,6,35,2658650,2020-02-22 00:33:00,2020-02-22 00:34:00,1840,2,Thursday,2913.0,2914.0,61.14085,60.615643
2020-02-20 00:00:00,102,11849,6,36,2657808,2020-02-22 01:17:00,2020-02-22 01:18:00,1890,2,Thursday,2957.0,2958.0,53.69763,56.242245
2020-02-20 00:00:00,101,11849,6,37,2659518,2020-02-22 02:34:00,2020-02-22 02:35:00,2006,2,Thursday,3034.0,3035.0,53.54727,54.202118
2020-02-20 00:00:00,100,11849,6,38,2657687,2020-02-22 03:53:00,2020-02-22 03:55:00,2045,2,Thursday,3113.0,3115.0,49.214455,49.27726
2020-02-20 00:00:00,99,11849,6,39,2658933,2020-02-22 06:20:00,2020-02-22 00:00:00,2182,2,Thursday,3260.0,2880.0,40.759205,10.381508
2020-02-20 00:00:00,179,11850,7,1,2659585,2020-02-20 00:00:00,2020-02-20 10:50:00,0,0,Thursday,0.0,650.0,3.7962515,7.0008035
2020-02-20 00:00:00,180,11850,7,2,2657810,2020-02-20 11:08:00,2020-02-20 11:10:00,20,0,Thursday,668.0,670.0,19.609509,19.884716
2020-02-20 00:00:00,181,11850,7,3,2658364,2020-02-20 12:10:00,2020-02-20 12:13:00,74,0,Thursday,730.0,733.0,29.098484,29.670534
2020-02-20 00:00:00,182,11850,7,4,2658666,2020-02-20 13:05:00,2020-02-20 13:10:00,107,0,Thursday,785.0,790.0,28.502005,29.421059
2020-02-20 00:00:00,183,11850,7,5,2658731,2020-02-20 13:24:00,2020-02-20 13:25:00,119,0,Thursday,804.0,805.0,29.403534,30.553846
2020-02-20 00:00:00,184,11850,7,6,2658248,2020-02-20 13:38:00,2020-02-20 13:40:00,137,0,Thursday,818.0,820.0,30.038263,31.818264
2020-02-20 00:00:00,185,11850,7,7,2657930,2020-02-20 13:53:00,2020-02-20 13:55:00,152,0,Thursday,833.0,835.0,30.014051,32.233463
2020-02-20 00:00:00,186,11850,7,8,2658289,2020-02-20 14:08:00,2020-02-20 14:10:00,168,0,Thursday,848.0,850.0,31.202261,33.07883
2020-02-20 00:00:00,187,11850,7,9,2733324,2020-02-20 14:23:00,2020-02-20 14:25:00,183,0,Thursday,863.0,865.0,31.751017,33.07883
2020-02-20 00:00:00,188,11850,7,10,2658645,2020-02-20 14:42:00,2020-02-20 14:45:00,193,0,Thursday,882.0,885.0,31.751017,33.115578
2020-02-20 00:00:00,189,11850,7,11,2658803,2020-02-20 15:08:00,2020-02-20 15:10:00,218,0,Thursday,908.0,910.0,31.751017,32.98493
2020-02-20 00:00:00,190,11850,7,12,2733463,2020-02-20 15:28:00,2020-02-20 15:30:00,240,0,Thursday,928.0,930.0,31.751017,32.883488
2020-02-20 00:00:00,191,11850,7,13,2733405,2020-02-20 15:53:00,2020-02-20 15:55:00,262,0,Thursday,953.0,955.0,31.440447,32.90622
2020-02-20 00:00:00,192,11850,7,14,2657873,2020-02-20 16:22:00,2020-02-20 16:25:00,282,0,Thursday,982.0,985.0,31.306248,32.766148
2020-02-20 00:00:00,193,11850,7,15,2733469,2020-02-20 16:43:00,2020-02-20 16:45:00,304,0,Thursday,1003.0,1005.0,31.525524,33.34793
2020-02-20 00:00:00,194,11850,7,16,2658397,2020-02-20 16:58:00,2020-02-20 17:00:00,316,0,Thursday,1018.0,1020.0,31.525524,33.26481
2020-02-20 00:00:00,195,11850,7,17,2659513,2020-02-20 17:18:00,2020-02-20 17:20:00,336,0,Thursday,1038.0,1040.0,31.531338,33.285767
2020-02-20 00:00:00,196,11850,7,18,2658323,2020-02-20 17:33:00,2020-02-20 17:35:00,345,0,Thursday,1053.0,1055.0,31.531338,33.15601
2020-02-20 00:00:00,197,11850,7,19,2658005,2020-02-20 17:53:00,2020-02-20 17:55:00,369,0,Thursday,1073.0,1075.0,30.905014,31.924372
2020-02-20 00:00:00,198,11850,7,20,2658724,2020-02-20 19:00:00,2020-02-20 19:15:00,416,0,Thursday,1140.0,1155.0,23.654467,26.094006
2020-02-20 00:00:00,199,11850,7,21,2658974,2020-02-20 21:06:00,2020-02-20 21:08:00,478,0,Thursday,1266.0,1268.0,23.372978,25.488127
2020-02-20 00:00:00,200,11850,7,22,2731989,2020-02-20 21:34:00,2020-02-20 21:36:00,510,0,Thursday,1294.0,1296.0,23.682041,25.363173
2020-02-20 00:00:00,201,11850,7,23,2659446,2020-02-20 22:22:00,2020-02-20 22:24:00,559,0,Thursday,1342.0,1344.0,26.89172,28.472437
2020-02-20 00:00:00,202,11850,7,24,2658864,2020-02-20 23:13:00,2020-02-20 23:15:00,614,0,Thursday,1393.0,1395.0,26.297796,27.992435
2020-02-20 00:00:00,203,11850,7,25,2658130,2020-02-21 00:12:00,2020-02-21 00:14:00,669,1,Thursday,1452.0,1454.0,29.195763,31.013538
2020-02-20 00:00:00,204,11850,7,26,2658936,2020-02-21 01:25:00,2020-02-21 01:35:00,729,1,Thursday,1525.0,1535.0,29.466852,32.34486
2020-02-20 00:00:00,205,11850,7,27,2657663,2020-02-21 02:20:00,2020-02-21 02:22:00,775,1,Thursday,1580.0,1582.0,30.476158,33.303368
2020-02-20 00:00:00,206,11850,7,28,2734508,2020-02-21 03:32:00,2020-02-21 03:34:00,854,1,Thursday,1652.0,1654.0,26.93391,29.015547
2020-02-20 00:00:00,207,11850,7,29,2659091,2020-02-21 06:00:00,2020-02-21 06:05:00,965,1,Thursday,1800.0,1805.0,27.558062,31.820913
2020-02-20 00:00:00,208,11850,7,30,2658572,2020-02-21 07:35:00,2020-02-21 07:37:00,1040,1,Thursday,1895.0,1897.0,27.79581,33.014275
2020-02-20 00:00:00,209,11850,7,31,2659322,2020-02-21 12:50:00,2020-02-21 12:55:00,1243,1,Thursday,2210.0,2215.0,8.173414,15.009629
2020-02-20 00:00:00,53,11850,7,32,2658310,2020-02-21 13:40:00,2020-02-21 13:43:00,1277,1,Thursday,2260.0,2263.0,24.950317,27.774803
2020-02-20 00:00:00,50,11850,7,33,2658818,2020-02-21 15:50:00,2020-02-21 15:55:00,1359,1,Thursday,2390.0,2395.0,29.115143,34.331104
2020-02-20 00:00:00,48,11850,7,34,2658902,2020-02-21 16:35:00,2020-02-21 16:40:00,1410,1,Thursday,2435.0,2440.0,31.726295,36.441338
2020-02-20 00:00:00,47,11850,7,35,2658996,2020-02-21 17:38:00,2020-02-21 17:40:00,1483,1,Thursday,2498.0,2500.0,32.265877,36.3018
2020-02-20 00:00:00,44,11850,7,36,2657664,2020-02-21 20:00:00,2020-02-21 20:05:00,1667,1,Thursday,2640.0,2645.0,26.772457,30.414165
2020-02-20 00:00:00,43,11850,7,37,2657885,2020-02-21 20:48:00,2020-02-21 20:50:00,1721,1,Thursday,2688.0,2690.0,35.81631,33.287865
2020-02-20 00:00:00,42,11850,7,38,2658041,2020-02-21 22:32:00,2020-02-21 22:35:00,1790,1,Thursday,2792.0,2795.0,24.82096,26.330753
2020-02-20 00:00:00,38,11850,7,39,2658804,2020-02-22 00:55:00,2020-02-22 01:05:00,1974,2,Thursday,2935.0,2945.0,27.715483,29.990704
2020-02-20 00:00:00,35,11850,7,40,2658194,2020-02-22 02:40:00,2020-02-22 02:45:00,2065,2,Thursday,3040.0,3045.0,27.178654,30.175772
2020-02-20 00:00:00,32,11850,7,41,2657929,2020-02-22 04:40:00,2020-02-22 04:45:00,2204,2,Thursday,3160.0,3165.0,21.43995,22.102488
2020-02-20 00:00:00,29,11850,7,42,2659350,2020-02-22 06:45:00,2020-02-22 06:55:00,2357,2,Thursday,3285.0,3295.0,25.153519,25.920105
2020-02-20 00:00:00,26,11850,7,43,2658454,2020-02-22 08:05:00,2020-02-22 08:10:00,2455,2,Thursday,3365.0,3370.0,30.052141,30.025858
2020-02-20 00:00:00,25,11850,7,44,2659193,2020-02-22 08:37:00,2020-02-22 08:39:00,2493,2,Thursday,3397.0,3399.0,31.595432,30.639341
2020-02-20 00:00:00,23,11850,7,45,2657986,2020-02-22 10:00:00,2020-02-22 10:05:00,2573,2,Thursday,3480.0,3485.0,28.460999,30.012352
2020-02-20 00:00:00,21,11850,7,46,2659144,2020-02-22 10:50:00,2020-02-22 10:52:00,2627,2,Thursday,3530.0,3532.0,27.211943,29.428572
2020-02-20 00:00:00,19,11850,7,47,2659398,2020-02-22 12:41:00,2020-02-22 12:43:00,2740,2,Thursday,3641.0,3643.0,22.662628,23.303205
2020-02-20 00:00:00,210,11850,7,48,2657830,2020-02-22 13:15:00,2020-02-22 00:00:00,2761,2,Thursday,3675.0,2880.0,24.626112,4.718112
2020-02-20 00:00:00,211,11858,8,1,2657792,2020-02-20 00:00:00,2020-02-20 11:15:00,0,0,Thursday,0.0,675.0,2.6083949,8.362927
2020-02-20 00:00:00,212,11858,8,2,2733464,2020-02-20 11:49:00,2020-02-20 11:50:00,41,0,Thursday,709.0,710.0,15.039645,16.206818
2020-02-20 00:00:00,213,11858,8,3,2658802,2020-02-20 12:22:00,2020-02-20 12:25:00,65,0,Thursday,742.0,745.0,16.43553,16.630787
2020-02-20 00:00:00,214,11858,8,4,2658308,2020-02-20 12:58:00,2020-02-20 13:00:00,105,0,Thursday,778.0,780.0,20.467472,20.831066
2020-02-20 00:00:00,215,11858,8,5,2733330,2020-02-20 13:09:00,2020-02-20 13:10:00,113,0,Thursday,789.0,790.0,21.235886,22.08581
2020-02-20 00:00:00,216,11858,8,6,2658479,2020-02-20 13:18:00,2020-02-20 13:20:00,126,0,Thursday,798.0,800.0,21.896006,23.327852
2020-02-20 00:00:00,217,11858,8,7,2658674,2020-02-20 13:29:00,2020-02-20 13:30:00,135,0,Thursday,809.0,810.0,22.2332,23.495726
2020-02-20 00:00:00,218,11858,8,8,2733265,2020-02-20 13:44:00,2020-02-20 13:45:00,143,0,Thursday,824.0,825.0,22.074734,23.495726
2020-02-20 00:00:00,219,11858,8,9,2659533,2020-02-20 14:07:00,2020-02-20 14:10:00,161,0,Thursday,847.0,850.0,22.299513,23.615627
2020-02-20 00:00:00,220,11858,8,10,2733466,2020-02-20 14:39:00,2020-02-20 14:40:00,185,0,Thursday,879.0,880.0,22.346912,23.610067
2020-02-20 00:00:00,221,11858,8,11,2659586,2020-02-20 15:40:00,2020-02-20 15:45:00,221,0,Thursday,940.0,945.0,17.365065,20.33709
2020-02-20 00:00:00,180,11858,8,12,2657810,2020-02-20 16:03:00,2020-02-20 16:05:00,237,0,Thursday,963.0,965.0,21.491013,22.493176
2020-02-20 00:00:00,181,11858,8,13,2658364,2020-02-20 17:07:00,2020-02-20 17:10:00,292,0,Thursday,1027.0,1030.0,20.602713,22.23121
2020-02-20 00:00:00,222,11858,8,14,2733328,2020-02-20 18:04:00,2020-02-20 18:05:00,336,0,Thursday,1084.0,1085.0,12.450299,15.2367935
2020-02-20 00:00:00,223,11858,8,15,2658283,2020-02-20 18:42:00,2020-02-20 18:45:00,367,0,Thursday,1122.0,1125.0,11.757316,14.756068
2020-02-20 00:00:00,224,11858,8,16,2657867,2020-02-20 19:52:00,2020-02-20 19:55:00,423,0,Thursday,1192.0,1195.0,12.710303,16.308773
2020-02-20 00:00:00,225,11858,8,17,2657806,2020-02-20 20:48:00,2020-02-20 20:50:00,474,0,Thursday,1248.0,1250.0,12.636836,15.9373455
2020-02-20 00:00:00,226,11858,8,18,2658786,2020-02-20 21:50:00,2020-02-20 21:55:00,524,0,Thursday,1310.0,1315.0,11.858653,15.383086
2020-02-20 00:00:00,227,11858,8,19,2659084,2020-02-20 22:52:00,2020-02-20 22:55:00,584,0,Thursday,1372.0,1375.0,14.00265,16.20745
2020-02-20 00:00:00,96,11858,8,20,2657662,2020-02-21 00:43:00,2020-02-21 00:45:00,704,1,Thursday,1483.0,1485.0,12.639018,16.524689
2020-02-20 00:00:00,97,11858,8,21,2658215,2020-02-21 02:00:00,2020-02-21 02:02:00,789,1,Thursday,1560.0,1562.0,10.777146,14.384379
2020-02-20 00:00:00,228,11858,8,22,2658278,2020-02-21 02:39:00,2020-02-21 02:40:00,821,1,Thursday,1599.0,1600.0,11.112629,14.242332
2020-02-20 00:00:00,229,11858,8,23,2659319,2020-02-21 03:48:00,2020-02-21 03:50:00,893,1,Thursday,1668.0,1670.0,10.5727,13.911684
2020-02-20 00:00:00,230,11858,8,24,2659076,2020-02-21 04:10:00,2020-02-21 04:20:00,903,1,Thursday,1690.0,1700.0,12.069425,14.580898
2020-02-20 00:00:00,100,11858,8,25,2657687,2020-02-21 05:43:00,2020-02-21 05:45:00,986,1,Thursday,1783.0,1785.0,11.679533,12.566936
2020-02-20 00:00:00,101,11858,8,26,2659518,2020-02-21 06:17:00,2020-02-21 06:18:00,1025,1,Thursday,1817.0,1818.0,11.750367,12.619689
2020-02-20 00:00:00,103,11858,8,27,2657824,2020-02-21 10:00:00,2020-02-21 10:10:00,1280,1,Thursday,2040.0,2050.0,4.5175505,11.449888
2020-02-20 00:00:00,104,11858,8,28,2659008,2020-02-21 13:00:00,2020-02-21 13:05:00,1487,1,Thursday,2220.0,2225.0,17.365318,19.187836
2020-02-20 00:00:00,105,11858,8,29,2733232,2020-02-21 14:40:00,2020-02-21 14:41:00,1588,1,Thursday,2320.0,2321.0,17.180609,20.366701
2020-02-20 00:00:00,85,11858,8,30,2658211,2020-02-21 16:55:00,2020-02-21 17:00:00,1730,1,Thursday,2455.0,2460.0,11.550308,14.930804
2020-02-20 00:00:00,82,11858,8,31,2658780,2020-02-21 17:18:00,2020-02-21 17:19:00,1744,1,Thursday,2478.0,2479.0,12.329068,15.16372
2020-02-20 00:00:00,69,11858,8,32,2658373,2020-02-21 19:00:00,2020-02-21 19:01:00,1862,1,Thursday,2580.0,2581.0,15.341493,17.581617
2020-02-20 00:00:00,78,11858,8,33,2659359,2020-02-21 20:10:00,2020-02-21 20:15:00,1938,1,Thursday,2650.0,2655.0,18.777472,23.193834
2020-02-20 00:00:00,38,11858,8,34,2658804,2020-02-22 01:05:00,2020-02-22 01:15:00,2237,2,Thursday,2945.0,2955.0,16.870829,18.859814
2020-02-20 00:00:00,35,11858,8,35,2658194,2020-02-22 02:55:00,2020-02-22 03:00:00,2329,2,Thursday,3055.0,3060.0,16.812567,19.468075
2020-02-20 00:00:00,32,11858,8,36,2657929,2020-02-22 04:50:00,2020-02-22 04:55:00,2467,2,Thursday,3170.0,3175.0,14.093383,15.975439
2020-02-20 00:00:00,29,11858,8,37,2659350,2020-02-22 06:55:00,2020-02-22 07:05:00,2620,2,Thursday,3295.0,3305.0,15.242304,18.160862
2020-02-20 00:00:00,26,11858,8,38,2658454,2020-02-22 08:20:00,2020-02-22 08:25:00,2718,2,Thursday,3380.0,3385.0,19.377806,20.569283
2020-02-20 00:00:00,23,11858,8,39,2657986,2020-02-22 10:10:00,2020-02-22 10:15:00,2836,2,Thursday,3490.0,3495.0,18.602755,20.500357
2020-02-20 00:00:00,21,11858,8,40,2659144,2020-02-22 11:00:00,2020-02-22 11:02:00,2890,2,Thursday,3540.0,3542.0,18.85551,20.52047
2020-02-20 00:00:00,19,11858,8,41,2659398,2020-02-22 12:48:00,2020-02-22 12:50:00,3003,2,Thursday,3648.0,3650.0,11.712241,13.947272
2020-02-20 00:00:00,210,11858,8,42,2657830,2020-02-22 13:21:00,2020-02-22 13:23:00,3024,2,Thursday,3681.0,3683.0,11.280023,12.941313
2020-02-20 00:00:00,18,11858,8,43,2657756,2020-02-22 13:45:00,2020-02-22 00:00:00,3031,2,Thursday,3705.0,2880.0,14.041164,3.76085
2020-02-20 00:00:00,99,11889,9,1,2658933,2020-02-20 00:00:00,2020-02-20 09:35:00,0,0,Thursday,0.0,575.0,0.6329615,2.7567818
2020-02-20 00:00:00,231,11889,9,2,2733244,2020-02-20 10:49:00,2020-02-20 10:50:00,83,0,Thursday,649.0,650.0,11.509525,13.21358
2020-02-20 00:00:00,100,11889,9,3,2657687,2020-02-20 11:40:00,2020-02-20 11:45:00,138,0,Thursday,700.0,705.0,11.325971,12.590143
2020-02-20 00:00:00,101,11889,9,4,2659518,2020-02-20 12:19:00,2020-02-20 12:20:00,176,0,Thursday,739.0,740.0,14.275061,15.027078
2020-02-20 00:00:00,232,11889,9,5,2658285,2020-02-20 12:49:00,2020-02-20 12:50:00,227,0,Thursday,769.0,770.0,17.295843,19.64568
2020-02-20 00:00:00,102,11889,9,6,2657808,2020-02-20 13:49:00,2020-02-20 13:50:00,293,0,Thursday,829.0,830.0,15.153347,17.32628
2020-02-20 00:00:00,178,11889,9,7,2658650,2020-02-20 14:22:00,2020-02-20 14:23:00,342,0,Thursday,862.0,863.0,22.124077,23.292976
2020-02-20 00:00:00,177,11889,9,8,2658210,2020-02-20 14:43:00,2020-02-20 14:44:00,357,0,Thursday,883.0,884.0,21.690605,22.591751
2020-02-20 00:00:00,176,11889,9,9,2657987,2020-02-20 15:23:00,2020-02-20 15:24:00,400,0,Thursday,923.0,924.0,19.147146,21.672663
2020-02-20 00:00:00,103,11889,9,10,2657824,2020-02-20 16:30:00,2020-02-20 16:40:00,431,0,Thursday,990.0,1000.0,9.721972,13.743906
2020-02-20 00:00:00,175,11889,9,11,2658066,2020-02-20 17:54:00,2020-02-20 17:56:00,530,0,Thursday,1074.0,1076.0,17.463743,20.009506
2020-02-20 00:00:00,233,11889,9,12,2658558,2020-02-20 18:41:00,2020-02-20 18:42:00,578,0,Thursday,1121.0,1122.0,14.563154,17.381536
2020-02-20 00:00:00,104,11889,9,13,2659008,2020-02-20 20:00:00,2020-02-20 20:05:00,638,0,Thursday,1200.0,1205.0,12.195979,13.627349
2020-02-20 00:00:00,174,11889,9,14,2658898,2020-02-20 21:34:00,2020-02-20 21:35:00,753,0,Thursday,1294.0,1295.0,17.537344,19.048674
2020-02-20 00:00:00,106,11889,9,15,2733191,2020-02-20 22:29:00,2020-02-20 22:30:00,811,0,Thursday,1349.0,1350.0,13.979064,15.684443
2020-02-20 00:00:00,85,11889,9,16,2658211,2020-02-21 00:05:00,2020-02-21 00:10:00,881,1,Thursday,1445.0,1450.0,9.061275,11.756146
2020-02-20 00:00:00,82,11889,9,17,2658780,2020-02-21 00:28:00,2020-02-21 00:29:00,895,1,Thursday,1468.0,1469.0,9.255036,11.642031
2020-02-20 00:00:00,77,11889,9,18,2658633,2020-02-21 01:19:00,2020-02-21 01:20:00,941,1,Thursday,1519.0,1520.0,9.056908,10.375435
2020-02-20 00:00:00,73,11889,9,19,2658236,2020-02-21 01:43:00,2020-02-21 01:44:00,980,1,Thursday,1543.0,1544.0,9.225968,10.989581
2020-02-20 00:00:00,68,11889,9,20,2658999,2020-02-21 02:31:00,2020-02-21 02:34:00,1014,1,Thursday,1591.0,1594.0,8.776025,10.107625
2020-02-20 00:00:00,67,11889,9,21,2658333,2020-02-21 02:59:00,2020-02-21 03:00:00,1043,1,Thursday,1619.0,1620.0,8.41042,10.161518
2020-02-20 00:00:00,66,11889,9,22,2659179,2020-02-21 03:14:00,2020-02-21 03:15:00,1063,1,Thursday,1634.0,1635.0,8.53207,10.304101
2020-02-20 00:00:00,64,11889,9,23,2658859,2020-02-21 04:15:00,2020-02-21 04:20:00,1109,1,Thursday,1695.0,1700.0,7.613422,11.63414
2020-02-20 00:00:00,63,11889,9,24,2659323,2020-02-21 04:48:00,2020-02-21 04:50:00,1151,1,Thursday,1728.0,1730.0,10.265963,12.503161
2020-02-20 00:00:00,62,11889,9,25,2658847,2020-02-21 05:15:00,2020-02-21 05:20:00,1188,1,Thursday,1755.0,1760.0,11.854929,13.14421
2020-02-20 00:00:00,61,11889,9,26,2658547,2020-02-21 05:49:00,2020-02-21 05:50:00,1225,1,Thursday,1789.0,1790.0,12.808704,14.149091
2020-02-20 00:00:00,89,11889,9,27,2658901,2020-02-21 06:09:00,2020-02-21 06:10:00,1250,1,Thursday,1809.0,1810.0,13.185095,15.6510725
2020-02-20 00:00:00,88,11889,9,28,2659030,2020-02-21 06:29:00,2020-02-21 06:30:00,1277,1,Thursday,1829.0,1830.0,12.95528,15.746305
2020-02-20 00:00:00,44,11889,9,29,2657664,2020-02-21 07:55:00,2020-02-21 08:00:00,1327,1,Thursday,1915.0,1920.0,3.5985138,10.156295
2020-02-20 00:00:00,45,11889,9,30,2658959,2020-02-21 08:44:00,2020-02-21 08:45:00,1352,1,Thursday,1964.0,1965.0,3.9600875,9.577781
2020-02-20 00:00:00,234,11889,9,31,2658854,2020-02-21 09:29:00,2020-02-21 09:30:00,1381,1,Thursday,2009.0,2010.0,2.627077,6.6325617
2020-02-20 00:00:00,235,11889,9,32,2658844,2020-02-21 09:53:00,2020-02-21 09:55:00,1406,1,Thursday,2033.0,2035.0,2.7366614,6.450409
2020-02-20 00:00:00,236,11889,9,33,2734674,2020-02-21 10:35:00,2020-02-21 10:36:00,1448,1,Thursday,2075.0,2076.0,2.8112957,6.67801
2020-02-20 00:00:00,237,11889,9,34,2658379,2020-02-21 10:53:00,2020-02-21 10:54:00,1467,1,Thursday,2093.0,2094.0,4.409811,7.9554086
2020-02-20 00:00:00,238,11889,9,35,2659443,2020-02-21 11:30:00,2020-02-21 11:35:00,1502,1,Thursday,2130.0,2135.0,4.5964,8.551389
2020-02-20 00:00:00,239,11889,9,36,2659195,2020-02-21 13:09:00,2020-02-21 13:10:00,1601,1,Thursday,2229.0,2230.0,-1.3322837,5.5088573
2020-02-20 00:00:00,240,11889,9,37,2657835,2020-02-21 14:09:00,2020-02-21 14:10:00,1658,1,Thursday,2289.0,2290.0,0.11007117,5.1752687
2020-02-20 00:00:00,241,11889,9,38,2658997,2020-02-21 14:25:00,2020-02-21 14:35:00,1662,1,Thursday,2305.0,2315.0,0.46626335,3.7663932
2020-02-20 00:00:00,242,11889,9,39,2658158,2020-02-21 15:10:00,2020-02-21 15:11:00,1712,1,Thursday,2350.0,2351.0,6.0175285,7.725866
2020-02-20 00:00:00,243,11889,9,40,2657677,2020-02-21 16:21:00,2020-02-21 16:26:00,1792,1,Thursday,2421.0,2426.0,7.099725,8.34448
2020-02-20 00:00:00,244,11889,9,41,2659441,2020-02-21 16:57:00,2020-02-21 16:58:00,1828,1,Thursday,2457.0,2458.0,6.63387,8.162243
2020-02-20 00:00:00,245,11889,9,42,2658907,2020-02-21 17:19:00,2020-02-21 17:20:00,1846,1,Thursday,2479.0,2480.0,6.028393,8.162243
2020-02-20 00:00:00,246,11889,9,43,2658935,2020-02-21 18:06:00,2020-02-21 18:07:00,1889,1,Thursday,2526.0,2527.0,9.14214,7.9156833
2020-02-20 00:00:00,247,11889,9,44,2657971,2020-02-21 18:30:00,2020-02-21 00:00:00,1892,1,Thursday,2550.0,1440.0,4.5146065,5.2011313
2020-02-20 00:00:00,210,11953,10,1,2657830,2020-02-20 00:00:00,2020-02-20 23:00:00,0,0,Thursday,0.0,1380.0,2.3510811,4.1813145
2020-02-20 00:00:00,19,11953,10,2,2659398,2020-02-20 23:17:00,2020-02-20 23:19:00,21,0,Thursday,1397.0,1399.0,9.9206915,10.226008
2020-02-20 00:00:00,248,11953,10,3,2657770,2020-02-20 23:28:00,2020-02-20 23:30:00,29,0,Thursday,1408.0,1410.0,9.46756,9.13917
2020-02-20 00:00:00,20,11953,10,4,2734622,2020-02-21 00:18:00,2020-02-21 00:20:00,93,1,Thursday,1458.0,1460.0,19.612246,20.071386
2020-02-20 00:00:00,21,11953,10,5,2659144,2020-02-21 00:50:00,2020-02-21 00:55:00,134,1,Thursday,1490.0,1495.0,20.249687,20.699663
2020-02-20 00:00:00,23,11953,10,6,2657986,2020-02-21 01:45:00,2020-02-21 01:50:00,188,1,Thursday,1545.0,1550.0,19.903824,21.081434
2020-02-20 00:00:00,25,11953,10,7,2659193,2020-02-21 03:12:00,2020-02-21 03:14:00,267,1,Thursday,1632.0,1634.0,19.19257,20.476759
2020-02-20 00:00:00,26,11953,10,8,2658454,2020-02-21 03:43:00,2020-02-21 03:48:00,306,1,Thursday,1663.0,1668.0,20.195168,21.731098
2020-02-20 00:00:00,27,11953,10,9,2658414,2020-02-21 04:23:00,2020-02-21 04:24:00,348,1,Thursday,1703.0,1704.0,22.876043,23.477972
2020-02-20 00:00:00,28,11953,10,10,2658432,2020-02-21 04:50:00,2020-02-21 04:51:00,379,1,Thursday,1730.0,1731.0,25.394245,25.198692
2020-02-20 00:00:00,29,11953,10,11,2659350,2020-02-21 05:25:00,2020-02-21 05:35:00,403,1,Thursday,1765.0,1775.0,28.020437,30.756952
2020-02-20 00:00:00,30,11953,10,12,2657894,2020-02-21 06:00:00,2020-02-21 06:02:00,429,1,Thursday,1800.0,1802.0,34.104183,33.8
2020-02-20 00:00:00,31,11953,10,13,2658398,2020-02-21 06:47:00,2020-02-21 06:49:00,494,1,Thursday,1847.0,1849.0,38.885647,39.152443
2020-02-20 00:00:00,32,11953,10,14,2657929,2020-02-21 07:55:00,2020-02-21 08:00:00,557,1,Thursday,1915.0,1920.0,38.700676,37.233295
2020-02-20 00:00:00,249,11953,10,15,2658561,2020-02-21 08:18:00,2020-02-21 08:20:00,574,1,Thursday,1938.0,1940.0,33.166782,35.00848
2020-02-20 00:00:00,33,11953,10,16,2657881,2020-02-21 08:40:00,2020-02-21 08:42:00,602,1,Thursday,1960.0,1962.0,40.18591,39.240387
2020-02-20 00:00:00,34,11953,10,17,2658012,2020-02-21 09:11:00,2020-02-21 09:13:00,642,1,Thursday,1991.0,1993.0,43.584324,44.146973
2020-02-20 00:00:00,35,11953,10,18,2658194,2020-02-21 10:05:00,2020-02-21 10:15:00,695,1,Thursday,2045.0,2055.0,43.428284,43.3459
2020-02-20 00:00:00,36,11953,10,19,2658440,2020-02-21 10:27:00,2020-02-21 10:29:00,702,1,Thursday,2067.0,2069.0,42.881386,42.805992
2020-02-20 00:00:00,37,11953,10,20,2658443,2020-02-21 11:34:00,2020-02-21 11:36:00,769,1,Thursday,2134.0,2136.0,44.83328,47.985954
2020-02-20 00:00:00,38,11953,10,21,2658804,2020-02-21 12:10:00,2020-02-21 12:20:00,787,1,Thursday,2170.0,2180.0,43.089405,46.86003
2020-02-20 00:00:00,109,11953,10,22,2731936,2020-02-21 13:23:00,2020-02-21 13:25:00,858,1,Thursday,2243.0,2245.0,42.536953,45.36382
2020-02-20 00:00:00,108,11953,10,23,2657828,2020-02-21 14:12:00,2020-02-21 14:15:00,894,1,Thursday,2292.0,2295.0,42.95541,45.177868
2020-02-20 00:00:00,171,11953,10,24,2657827,2020-02-21 14:41:00,2020-02-21 14:43:00,917,1,Thursday,2321.0,2323.0,44.598106,47.080566
2020-02-20 00:00:00,250,11953,10,25,2659139,2020-02-21 14:57:00,2020-02-21 14:59:00,941,1,Thursday,2337.0,2339.0,44.15339,45.728226
2020-02-20 00:00:00,107,11953,10,26,2658393,2020-02-21 15:45:00,2020-02-21 15:47:00,981,1,Thursday,2385.0,2387.0,48.185852,51.971302
2020-02-20 00:00:00,172,11953,10,27,2657941,2020-02-21 16:00:00,2020-02-21 16:02:00,999,1,Thursday,2400.0,2402.0,50.520203,53.819637
2020-02-20 00:00:00,251,11953,10,28,2658068,2020-02-21 16:22:00,2020-02-21 16:24:00,1025,1,Thursday,2422.0,2424.0,46.487976,49.337605
2020-02-20 00:00:00,78,11953,10,29,2659359,2020-02-21 17:40:00,2020-02-21 17:45:00,1086,1,Thursday,2500.0,2505.0,50.193188,55.457306
2020-02-20 00:00:00,72,11953,10,30,2658757,2020-02-21 18:19:00,2020-02-21 18:21:00,1132,1,Thursday,2539.0,2541.0,59.803062,60.468525
2020-02-20 00:00:00,69,11953,10,31,2658373,2020-02-21 18:51:00,2020-02-21 18:53:00,1162,1,Thursday,2571.0,2573.0,60.125156,61.12108
2020-02-20 00:00:00,73,11953,10,32,2658236,2020-02-21 19:21:00,2020-02-21 19:23:00,1195,1,Thursday,2601.0,2603.0,62.397778,61.967434
2020-02-20 00:00:00,77,11953,10,33,2658633,2020-02-21 19:53:00,2020-02-21 19:55:00,1234,1,Thursday,2633.0,2635.0,62.084538,61.6674
2020-02-20 00:00:00,80,11953,10,34,2657773,2020-02-21 20:14:00,2020-02-21 20:16:00,1256,1,Thursday,2654.0,2656.0,59.903725,59.905445
2020-02-20 00:00:00,82,11953,10,35,2658780,2020-02-21 20:45:00,2020-02-21 20:48:00,1280,1,Thursday,2685.0,2688.0,58.39,58.686962
2020-02-20 00:00:00,85,11953,10,36,2658211,2020-02-21 21:45:00,2020-02-21 21:50:00,1294,1,Thursday,2745.0,2750.0,53.435642,55.341503
2020-02-20 00:00:00,106,11953,10,37,2733191,2020-02-21 22:37:00,2020-02-21 22:39:00,1364,1,Thursday,2797.0,2799.0,56.68137,57.22936
2020-02-20 00:00:00,173,11953,10,38,2732117,2020-02-21 23:02:00,2020-02-21 23:04:00,1403,1,Thursday,2822.0,2824.0,60.5149,62.25363
2020-02-20 00:00:00,174,11953,10,39,2658898,2020-02-21 23:19:00,2020-02-21 23:21:00,1422,1,Thursday,2839.0,2841.0,68.09246,67.2573
2020-02-20 00:00:00,105,11953,10,40,2733232,2020-02-21 23:31:00,2020-02-21 23:33:00,1436,1,Thursday,2851.0,2853.0,68.80037,67.091324
2020-02-20 00:00:00,252,11953,10,41,2658956,2020-02-21 23:42:00,2020-02-21 23:44:00,1454,1,Thursday,2862.0,2864.0,70.06541,69.530136
2020-02-20 00:00:00,253,11953,10,42,2658375,2020-02-22 00:12:00,2020-02-22 00:14:00,1493,2,Thursday,2892.0,2894.0,76.86391,76.37571
2020-02-20 00:00:00,254,11953,10,43,2658331,2020-02-22 01:13:00,2020-02-22 01:15:00,1529,2,Thursday,2953.0,2955.0,68.53747,69.98592
2020-02-20 00:00:00,255,11953,10,44,2659226,2020-02-22 01:49:00,2020-02-22 01:51:00,1577,2,Thursday,2989.0,2991.0,71.725334,72.96528
2020-02-20 00:00:00,256,11953,10,45,2658855,2020-02-22 02:19:00,2020-02-22 02:21:00,1614,2,Thursday,3019.0,3021.0,69.313736,70.483116
2020-02-20 00:00:00,257,11953,10,46,2659082,2020-02-22 03:50:00,2020-02-22 03:55:00,1661,2,Thursday,3110.0,3115.0,45.65188,52.465137
2020-02-20 00:00:00,258,11953,10,47,2659066,2020-02-22 04:45:00,2020-02-22 00:00:00,1670,2,Thursday,3165.0,2880.0,43.724854,3.6981997
2020-02-20 00:00:00,52,12016,11,1,10448787,2020-02-20 00:00:00,2020-02-20 20:35:00,0,0,Thursday,0.0,1235.0,0.8238497,3.4240937
2020-02-20 00:00:00,54,12016,11,2,2658794,2020-02-20 20:47:00,2020-02-20 20:50:00,9,0,Thursday,1247.0,1250.0,3.7040427,4.205132
2020-02-20 00:00:00,55,12016,11,3,2658206,2020-02-20 21:07:00,2020-02-20 21:10:00,33,0,Thursday,1267.0,1270.0,8.411966,9.480795
2020-02-20 00:00:00,53,12016,11,4,2658310,2020-02-20 21:30:00,2020-02-20 21:34:00,52,0,Thursday,1290.0,1294.0,8.717279,10.479834
2020-02-20 00:00:00,56,12016,11,5,2658819,2020-02-20 22:43:00,2020-02-20 22:45:00,119,0,Thursday,1363.0,1365.0,11.684563,13.887067
2020-02-20 00:00:00,50,12016,11,6,2658818,2020-02-20 23:20:00,2020-02-20 23:25:00,133,0,Thursday,1400.0,1405.0,11.090078,12.634102
2020-02-20 00:00:00,49,12016,11,7,2733304,2020-02-21 00:00:00,2020-02-21 00:02:00,178,1,Thursday,1440.0,1442.0,13.812108,15.507802
2020-02-20 00:00:00,48,12016,11,8,2658902,2020-02-21 00:07:00,2020-02-21 00:10:00,184,1,Thursday,1447.0,1450.0,13.979491,15.566906
2020-02-20 00:00:00,47,12016,11,9,2658996,2020-02-21 01:12:00,2020-02-21 01:15:00,257,1,Thursday,1512.0,1515.0,13.240359,14.850446
2020-02-20 00:00:00,46,12016,11,10,2658714,2020-02-21 02:03:00,2020-02-21 02:05:00,324,1,Thursday,1563.0,1565.0,12.920217,15.071508
2020-02-20 00:00:00,45,12016,11,11,2658959,2020-02-21 03:08:00,2020-02-21 03:10:00,417,1,Thursday,1628.0,1630.0,14.275509,17.185757
2020-02-20 00:00:00,44,12016,11,12,2657664,2020-02-21 03:45:00,2020-02-21 03:50:00,441,1,Thursday,1665.0,1670.0,14.097078,17.641914
2020-02-20 00:00:00,88,12016,11,13,2659030,2020-02-21 04:46:00,2020-02-21 04:48:00,491,1,Thursday,1726.0,1728.0,14.468549,16.89287
2020-02-20 00:00:00,89,12016,11,14,2658901,2020-02-21 05:08:00,2020-02-21 05:10:00,519,1,Thursday,1748.0,1750.0,15.782413,17.256157
2020-02-20 00:00:00,90,12016,11,15,2733461,2020-02-21 05:18:00,2020-02-21 05:20:00,531,1,Thursday,1758.0,1760.0,16.393637,17.588715
2020-02-20 00:00:00,61,12016,11,16,2658547,2020-02-21 05:28:00,2020-02-21 05:30:00,543,1,Thursday,1768.0,1770.0,19.588886,19.976511
2020-02-20 00:00:00,62,12016,11,17,2658847,2020-02-21 06:05:00,2020-02-21 06:10:00,580,1,Thursday,1805.0,1810.0,19.70363,20.367373
2020-02-20 00:00:00,63,12016,11,18,2659323,2020-02-21 06:38:00,2020-02-21 06:40:00,617,1,Thursday,1838.0,1840.0,19.618637,20.3097
2020-02-20 00:00:00,64,12016,11,19,2658859,2020-02-21 07:40:00,2020-02-21 07:45:00,659,1,Thursday,1900.0,1905.0,17.121416,17.208462
2020-02-20 00:00:00,66,12016,11,20,2659179,2020-02-21 08:20:00,2020-02-21 08:22:00,705,1,Thursday,1940.0,1942.0,16.871786,17.30317
2020-02-20 00:00:00,67,12016,11,21,2658333,2020-02-21 08:37:00,2020-02-21 08:39:00,725,1,Thursday,1957.0,1959.0,17.011496,17.30317
2020-02-20 00:00:00,68,12016,11,22,2658999,2020-02-21 09:19:00,2020-02-21 09:22:00,754,1,Thursday,1999.0,2002.0,14.291745,16.458578
2020-02-20 00:00:00,78,12016,11,23,2659359,2020-02-21 11:05:00,2020-02-21 11:15:00,833,1,Thursday,2105.0,2115.0,15.9952545,19.495775
2020-02-20 00:00:00,259,12016,11,24,2657678,2020-02-21 12:04:00,2020-02-21 12:06:00,895,1,Thursday,2164.0,2166.0,14.313999,15.10245
2020-02-20 00:00:00,260,12016,11,25,2658198,2020-02-21 12:21:00,2020-02-21 12:23:00,913,1,Thursday,2181.0,2183.0,14.069746,14.670321
2020-02-20 00:00:00,261,12016,11,26,2657710,2020-02-21 13:08:00,2020-02-21 13:13:00,963,1,Thursday,2228.0,2233.0,11.380657,14.000821
2020-02-20 00:00:00,262,12016,11,27,2659067,2020-02-21 14:10:00,2020-02-21 14:11:00,1036,1,Thursday,2290.0,2291.0,17.307743,18.261374
2020-02-20 00:00:00,263,12016,11,28,2731879,2020-02-21 14:35:00,2020-02-21 14:37:00,1067,1,Thursday,2315.0,2317.0,16.330404,16.280668
2020-02-20 00:00:00,264,12016,11,29,2658190,2020-02-21 15:20:00,2020-02-21 15:25:00,1098,1,Thursday,2360.0,2365.0,14.045427,16.988325
2020-02-20 00:00:00,265,12016,11,30,2657733,2020-02-21 16:00:00,2020-02-21 16:10:00,1135,1,Thursday,2400.0,2410.0,18.26813,17.62758
2020-02-20 00:00:00,266,12016,11,31,2657782,2020-02-21 16:58:00,2020-02-21 17:00:00,1199,1,Thursday,2458.0,2460.0,19.971083,20.545673
2020-02-20 00:00:00,267,12016,11,32,2657660,2020-02-21 17:55:00,2020-02-21 18:10:00,1246,1,Thursday,2515.0,2530.0,18.643167,20.277973
2020-02-20 00:00:00,268,12016,11,33,2658737,2020-02-21 18:57:00,2020-02-21 18:59:00,1298,1,Thursday,2577.0,2579.0,19.087812,19.927128
2020-02-20 00:00:00,269,12016,11,34,2658693,2020-02-21 19:22:00,2020-02-21 19:24:00,1329,1,Thursday,2602.0,2604.0,21.089806,21.58568
2020-02-20 00:00:00,270,12016,11,35,2657988,2020-02-21 19:37:00,2020-02-21 19:39:00,1344,1,Thursday,2617.0,2619.0,21.666885,22.446983
2020-02-20 00:00:00,271,12016,11,36,2659306,2020-02-21 20:05:00,2020-02-21 20:10:00,1378,1,Thursday,2645.0,2650.0,21.666885,22.183643
2020-02-20 00:00:00,272,12016,11,37,2731892,2020-02-21 20:55:00,2020-02-21 20:57:00,1438,1,Thursday,2695.0,2697.0,22.072647,22.41129
2020-02-20 00:00:00,273,12016,11,38,2657722,2020-02-21 21:35:00,2020-02-21 21:40:00,1450,1,Thursday,2735.0,2740.0,20.41344,20.351665
2020-02-20 00:00:00,274,12016,11,39,2731973,2020-02-21 22:58:00,2020-02-21 23:08:00,1551,1,Thursday,2818.0,2828.0,22.5393,24.792486
2020-02-20 00:00:00,276,12016,11,40,2658634,2020-02-22 00:30:00,2020-02-22 00:37:00,1652,2,Thursday,2910.0,2917.0,26.687761,25.800327
2020-02-20 00:00:00,275,12016,11,41,2658105,2020-02-22 01:32:00,2020-02-22 01:42:00,1714,2,Thursday,2972.0,2982.0,21.729843,18.452448
2020-02-20 00:00:00,278,12016,11,42,2658007,2020-02-22 03:35:00,2020-02-22 03:40:00,1848,2,Thursday,3095.0,3100.0,24.260454,24.082233
2020-02-20 00:00:00,277,12016,11,43,2658653,2020-02-22 05:06:00,2020-02-22 05:08:00,1955,2,Thursday,3186.0,3188.0,18.104351,17.269548
2020-02-20 00:00:00,122,12016,11,44,2659041,2020-02-22 05:50:00,2020-02-22 00:00:00,1963,2,Thursday,3230.0,2880.0,21.821995,3.9893103
2020-02-20 00:00:00,247,12038,12,1,2657971,2020-02-20 00:00:00,2020-02-20 00:15:00,0,0,Thursday,0.0,15.0,1.7891113,4.133091
2020-02-20 00:00:00,246,12038,12,2,2658935,2020-02-20 00:24:00,2020-02-20 00:26:00,3,0,Thursday,24.0,26.0,2.4235764,3.8086882
2020-02-20 00:00:00,245,12038,12,3,2658907,2020-02-20 01:04:00,2020-02-20 01:06:00,46,0,Thursday,64.0,66.0,2.880914,5.2352314
2020-02-20 00:00:00,244,12038,12,4,2659441,2020-02-20 01:24:00,2020-02-20 01:26:00,65,0,Thursday,84.0,86.0,3.929599,9.07754
2020-02-20 00:00:00,243,12038,12,5,2657677,2020-02-20 02:17:00,2020-02-20 02:24:00,100,0,Thursday,137.0,144.0,8.133627,9.989234
2020-02-20 00:00:00,279,12038,12,6,2658856,2020-02-20 03:12:00,2020-02-20 03:14:00,171,0,Thursday,192.0,194.0,11.738792,13.647017
2020-02-20 00:00:00,241,12038,12,7,2658997,2020-02-20 04:15:00,2020-02-20 04:20:00,230,0,Thursday,255.0,260.0,8.853151,11.668786
2020-02-20 00:00:00,240,12038,12,8,2657835,2020-02-20 04:32:00,2020-02-20 04:34:00,234,0,Thursday,272.0,274.0,9.937224,11.668786
2020-02-20 00:00:00,280,12038,12,9,2658044,2020-02-20 04:59:00,2020-02-20 05:01:00,261,0,Thursday,299.0,301.0,13.344633,14.319167
2020-02-20 00:00:00,281,12038,12,10,2659049,2020-02-20 05:18:00,2020-02-20 05:20:00,276,0,Thursday,318.0,320.0,13.313071,14.074897
2020-02-20 00:00:00,239,12038,12,11,2659195,2020-02-20 05:38:00,2020-02-20 05:40:00,291,0,Thursday,338.0,340.0,10.376691,11.8073225
2020-02-20 00:00:00,282,12038,12,12,2659560,2020-02-20 06:17:00,2020-02-20 06:22:00,333,0,Thursday,377.0,382.0,12.261937,13.6953335
2020-02-20 00:00:00,238,12038,12,13,2659443,2020-02-20 07:20:00,2020-02-20 07:25:00,391,0,Thursday,440.0,445.0,8.737299,11.535234
2020-02-20 00:00:00,237,12038,12,14,2658379,2020-02-20 08:05:00,2020-02-20 08:07:00,425,0,Thursday,485.0,487.0,7.320292,9.32469
2020-02-20 00:00:00,236,12038,12,15,2734674,2020-02-20 08:30:00,2020-02-20 08:31:00,444,0,Thursday,510.0,511.0,7.089451,9.067625
2020-02-20 00:00:00,235,12038,12,16,2658844,2020-02-20 09:14:00,2020-02-20 09:17:00,486,0,Thursday,554.0,557.0,5.135717,8.402523
2020-02-20 00:00:00,234,12038,12,17,2658854,2020-02-20 09:44:00,2020-02-20 09:46:00,511,0,Thursday,584.0,586.0,4.808463,8.067737
2020-02-20 00:00:00,45,12038,12,18,2658959,2020-02-20 10:35:00,2020-02-20 10:40:00,541,0,Thursday,635.0,640.0,11.142481,15.255786
2020-02-20 00:00:00,44,12038,12,19,2657664,2020-02-20 11:05:00,2020-02-20 11:10:00,565,0,Thursday,665.0,670.0,11.3127165,14.7655945
2020-02-20 00:00:00,88,12038,12,20,2659030,2020-02-20 11:53:00,2020-02-20 11:55:00,615,0,Thursday,713.0,715.0,14.497362,15.760599
2020-02-20 00:00:00,89,12038,12,21,2658901,2020-02-20 12:18:00,2020-02-20 12:20:00,643,0,Thursday,738.0,740.0,14.633015,16.247328
2020-02-20 00:00:00,90,12038,12,22,2733461,2020-02-20 12:28:00,2020-02-20 12:30:00,655,0,Thursday,748.0,750.0,14.998912,16.659914
2020-02-20 00:00:00,61,12038,12,23,2658547,2020-02-20 12:48:00,2020-02-20 12:50:00,667,0,Thursday,768.0,770.0,14.463063,16.238827
2020-02-20 00:00:00,62,12038,12,24,2658847,2020-02-20 13:25:00,2020-02-20 13:30:00,704,0,Thursday,805.0,810.0,15.570767,17.880457
2020-02-20 00:00:00,63,12038,12,25,2659323,2020-02-20 13:58:00,2020-02-20 14:00:00,741,0,Thursday,838.0,840.0,15.672017,17.880457
2020-02-20 00:00:00,64,12038,12,26,2658859,2020-02-20 14:50:00,2020-02-20 14:55:00,783,0,Thursday,890.0,895.0,15.766675,17.622602
2020-02-20 00:00:00,65,12038,12,27,2658592,2020-02-20 15:15:00,2020-02-20 15:17:00,812,0,Thursday,915.0,917.0,16.20688,17.951376
2020-02-20 00:00:00,66,12038,12,28,2659179,2020-02-20 15:30:00,2020-02-20 15:32:00,829,0,Thursday,930.0,932.0,17.12682,18.983599
2020-02-20 00:00:00,67,12038,12,29,2658333,2020-02-20 15:47:00,2020-02-20 15:49:00,849,0,Thursday,947.0,949.0,16.52946,18.243517
2020-02-20 00:00:00,68,12038,12,30,2658999,2020-02-20 16:15:00,2020-02-20 16:18:00,878,0,Thursday,975.0,978.0,16.802658,18.720903
2020-02-20 00:00:00,76,12038,12,31,2659433,2020-02-20 17:19:00,2020-02-20 17:21:00,954,0,Thursday,1039.0,1041.0,18.291325,20.349787
2020-02-20 00:00:00,78,12038,12,32,2659359,2020-02-20 17:45:00,2020-02-20 17:50:00,957,0,Thursday,1065.0,1070.0,17.675497,19.797068
2020-02-20 00:00:00,283,12038,12,33,2658871,2020-02-20 18:15:00,2020-02-20 18:17:00,971,0,Thursday,1095.0,1097.0,20.734575,21.540442
2020-02-20 00:00:00,259,12038,12,34,2657678,2020-02-20 18:50:00,2020-02-20 18:52:00,1019,0,Thursday,1130.0,1132.0,20.441542,21.505106
2020-02-20 00:00:00,260,12038,12,35,2658198,2020-02-20 19:07:00,2020-02-20 19:09:00,1037,0,Thursday,1147.0,1149.0,20.448051,21.735027
2020-02-20 00:00:00,284,12038,12,36,2733503,2020-02-20 19:25:00,2020-02-20 19:27:00,1057,0,Thursday,1165.0,1167.0,21.80588,22.413437
2020-02-20 00:00:00,261,12038,12,37,2657710,2020-02-20 19:58:00,2020-02-20 20:00:00,1087,0,Thursday,1198.0,1200.0,20.448051,22.355644
2020-02-20 00:00:00,285,12038,12,38,2658051,2020-02-20 20:15:00,2020-02-20 20:17:00,1109,0,Thursday,1215.0,1217.0,21.612364,22.741688
2020-02-20 00:00:00,262,12038,12,39,2659067,2020-02-20 21:01:00,2020-02-20 21:03:00,1160,0,Thursday,1261.0,1263.0,21.487362,23.2713
2020-02-20 00:00:00,263,12038,12,40,2731879,2020-02-20 21:27:00,2020-02-20 21:29:00,1191,0,Thursday,1287.0,1289.0,21.487362,22.888699
2020-02-20 00:00:00,264,12038,12,41,2658190,2020-02-20 22:10:00,2020-02-20 22:15:00,1222,0,Thursday,1330.0,1335.0,20.66673,20.763302
2020-02-20 00:00:00,286,12038,12,42,2658892,2020-02-20 22:24:00,2020-02-20 22:26:00,1231,0,Thursday,1344.0,1346.0,21.807327,22.268808
2020-02-20 00:00:00,265,12038,12,43,2657733,2020-02-20 22:55:00,2020-02-20 23:05:00,1259,0,Thursday,1375.0,1385.0,21.078333,20.829481
2020-02-20 00:00:00,287,12038,12,44,2657916,2020-02-20 23:36:00,2020-02-20 23:38:00,1297,0,Thursday,1416.0,1418.0,21.82663,21.482357
2020-02-20 00:00:00,266,12038,12,45,2657782,2020-02-21 00:01:00,2020-02-21 00:03:00,1323,1,Thursday,1441.0,1443.0,19.731993,19.535332
2020-02-20 00:00:00,267,12038,12,46,2657660,2020-02-21 00:55:00,2020-02-21 01:10:00,1370,1,Thursday,1495.0,1510.0,19.754044,19.104315
2020-02-20 00:00:00,288,12038,12,47,2658155,2020-02-21 01:32:00,2020-02-21 01:34:00,1396,1,Thursday,1532.0,1534.0,22.505337,23.682144
2020-02-20 00:00:00,289,12038,12,48,2659501,2020-02-21 01:47:00,2020-02-21 01:49:00,1411,1,Thursday,1547.0,1549.0,23.315077,25.457127
2020-02-20 00:00:00,268,12038,12,49,2658737,2020-02-21 02:01:00,2020-02-21 02:04:00,1422,1,Thursday,1561.0,1564.0,23.780527,23.63797
2020-02-20 00:00:00,290,12038,12,50,2731863,2020-02-21 02:17:00,2020-02-21 02:19:00,1438,1,Thursday,1577.0,1579.0,25.859196,25.458584
2020-02-20 00:00:00,270,12038,12,51,2657988,2020-02-21 02:39:00,2020-02-21 02:41:00,1468,1,Thursday,1599.0,1601.0,28.534428,30.050549
2020-02-20 00:00:00,271,12038,12,52,2659306,2020-02-21 03:06:00,2020-02-21 03:11:00,1502,1,Thursday,1626.0,1631.0,28.772114,30.516294
2020-02-20 00:00:00,291,12038,12,53,2731890,2020-02-21 03:45:00,2020-02-21 03:47:00,1553,1,Thursday,1665.0,1667.0,29.89158,30.564035
2020-02-20 00:00:00,272,12038,12,54,2731892,2020-02-21 03:56:00,2020-02-21 03:58:00,1562,1,Thursday,1676.0,1678.0,28.509619,29.938538
2020-02-20 00:00:00,273,12038,12,55,2657722,2020-02-21 05:00:00,2020-02-21 05:02:00,1574,1,Thursday,1740.0,1742.0,23.097376,23.20197
2020-02-20 00:00:00,292,12038,12,56,2731889,2020-02-21 05:32:00,2020-02-21 05:33:00,1610,1,Thursday,1772.0,1773.0,23.614712,23.831657
2020-02-20 00:00:00,293,12038,12,57,2734238,2020-02-21 06:02:00,2020-02-21 06:03:00,1645,1,Thursday,1802.0,1803.0,23.51752,23.260847
2020-02-20 00:00:00,274,12038,12,58,2731973,2020-02-21 06:31:00,2020-02-21 06:46:00,1675,1,Thursday,1831.0,1846.0,25.82776,24.995228
2020-02-20 00:00:00,276,12038,12,59,2658634,2020-02-21 08:07:00,2020-02-21 08:14:00,1776,1,Thursday,1927.0,1934.0,26.972301,27.413727
2020-02-20 00:00:00,275,12038,12,60,2658105,2020-02-21 09:15:00,2020-02-21 09:25:00,1838,1,Thursday,1995.0,2005.0,29.012217,27.440403
2020-02-20 00:00:00,278,12038,12,61,2658007,2020-02-21 11:18:00,2020-02-21 11:23:00,1971,1,Thursday,2118.0,2123.0,35.776886,37.55205
2020-02-20 00:00:00,277,12038,12,62,2658653,2020-02-21 12:46:00,2020-02-21 12:48:00,2079,1,Thursday,2206.0,2208.0,40.27281,39.073566
2020-02-20 00:00:00,122,12038,12,63,2659041,2020-02-21 13:30:00,2020-02-21 00:00:00,2086,1,Thursday,2250.0,1440.0,26.69102,13.195901
2020-02-19 00:00:00,122,12039,13,1,2659041,2020-02-19 00:00:00,2020-02-19 23:55:00,0,0,Wednesday,0.0,1435.0,2.9338787,4.7146993
2020-02-19 00:00:00,294,12039,13,2,2734395,2020-02-20 00:50:00,2020-02-20 00:51:00,58,1,Wednesday,1490.0,1491.0,16.465597,16.468235
2020-02-19 00:00:00,295,12039,13,3,2658352,2020-02-20 01:09:00,2020-02-20 01:10:00,71,1,Wednesday,1509.0,1510.0,17.853317,18.576738
2020-02-19 00:00:00,278,12039,13,4,2658007,2020-02-20 02:00:00,2020-02-20 02:05:00,115,1,Wednesday,1560.0,1565.0,19.174679,19.811506
2020-02-19 00:00:00,275,12039,13,5,2658105,2020-02-20 03:53:00,2020-02-20 03:58:00,249,1,Wednesday,1673.0,1678.0,20.161228,20.651098
2020-02-19 00:00:00,276,12039,13,6,2658634,2020-02-20 04:48:00,2020-02-20 04:55:00,311,1,Wednesday,1728.0,1735.0,21.061394,20.817417
2020-02-19 00:00:00,274,12039,13,7,2731973,2020-02-20 06:20:00,2020-02-20 06:35:00,412,1,Wednesday,1820.0,1835.0,23.57411,24.327793
2020-02-19 00:00:00,293,12039,13,8,2734238,2020-02-20 07:03:00,2020-02-20 07:04:00,442,1,Wednesday,1863.0,1864.0,24.754448,25.58488
2020-02-19 00:00:00,292,12039,13,9,2731889,2020-02-20 07:33:00,2020-02-20 07:34:00,477,1,Wednesday,1893.0,1894.0,24.84431,24.831282
2020-02-19 00:00:00,273,12039,13,10,2657722,2020-02-20 08:15:00,2020-02-20 08:17:00,513,1,Wednesday,1935.0,1937.0,27.659683,25.779972
2020-02-19 00:00:00,272,12039,13,11,2731892,2020-02-20 08:25:00,2020-02-20 08:27:00,525,1,Wednesday,1945.0,1947.0,27.659683,26.033752
2020-02-19 00:00:00,291,12039,13,12,2731890,2020-02-20 08:36:00,2020-02-20 08:38:00,534,1,Wednesday,1956.0,1958.0,29.202663,27.893784
2020-02-19 00:00:00,271,12039,13,13,2659306,2020-02-20 09:15:00,2020-02-20 09:20:00,585,1,Wednesday,1995.0,2000.0,24.7402,22.711828
2020-02-19 00:00:00,270,12039,13,14,2657988,2020-02-20 09:43:00,2020-02-20 09:45:00,619,1,Wednesday,2023.0,2025.0,23.370783,21.92173
2020-02-19 00:00:00,290,12039,13,15,2731863,2020-02-20 10:07:00,2020-02-20 10:09:00,649,1,Wednesday,2047.0,2049.0,26.22542,24.622267
2020-02-19 00:00:00,268,12039,13,16,2658737,2020-02-20 10:25:00,2020-02-20 10:30:00,664,1,Wednesday,2065.0,2070.0,24.980734,21.349438
2020-02-19 00:00:00,289,12039,13,17,2659501,2020-02-20 10:39:00,2020-02-20 10:41:00,675,1,Wednesday,2079.0,2081.0,25.095133,26.171347
2020-02-19 00:00:00,288,12039,13,18,2658155,2020-02-20 10:53:00,2020-02-20 10:55:00,690,1,Wednesday,2093.0,2095.0,23.111944,24.392784
2020-02-19 00:00:00,267,12039,13,19,2657660,2020-02-20 11:40:00,2020-02-20 11:55:00,717,1,Wednesday,2140.0,2155.0,20.008999,20.52583
2020-02-19 00:00:00,266,12039,13,20,2657782,2020-02-20 12:33:00,2020-02-20 12:35:00,764,1,Wednesday,2193.0,2195.0,21.69257,21.269642
2020-02-19 00:00:00,287,12039,13,21,2657916,2020-02-20 12:54:00,2020-02-20 12:56:00,790,1,Wednesday,2214.0,2216.0,22.688536,24.585402
2020-02-19 00:00:00,265,12039,13,22,2657733,2020-02-20 13:35:00,2020-02-20 13:45:00,828,1,Wednesday,2255.0,2265.0,23.907526,21.020412
2020-02-19 00:00:00,286,12039,13,23,2658892,2020-02-20 14:09:00,2020-02-20 14:11:00,856,1,Wednesday,2289.0,2291.0,25.845434,27.060238
2020-02-19 00:00:00,264,12039,13,24,2658190,2020-02-20 14:35:00,2020-02-20 14:40:00,865,1,Wednesday,2315.0,2320.0,24.217903,21.726955
2020-02-19 00:00:00,263,12039,13,25,2731879,2020-02-20 15:02:00,2020-02-20 15:04:00,895,1,Wednesday,2342.0,2344.0,23.914669,26.272402
2020-02-19 00:00:00,262,12039,13,26,2659067,2020-02-20 15:26:00,2020-02-20 15:28:00,927,1,Wednesday,2366.0,2368.0,24.24445,25.041162
2020-02-19 00:00:00,285,12039,13,27,2658051,2020-02-20 16:11:00,2020-02-20 16:13:00,977,1,Wednesday,2411.0,2413.0,26.79778,29.698662
2020-02-19 00:00:00,261,12039,13,28,2657710,2020-02-20 16:41:00,2020-02-20 16:46:00,1000,1,Wednesday,2441.0,2446.0,25.922857,27.991179
2020-02-19 00:00:00,284,12039,13,29,2733503,2020-02-20 17:06:00,2020-02-20 17:08:00,1029,1,Wednesday,2466.0,2468.0,26.79813,30.423223
2020-02-19 00:00:00,260,12039,13,30,2658198,2020-02-20 17:25:00,2020-02-20 17:27:00,1049,1,Wednesday,2485.0,2487.0,34.95884,30.780474
2020-02-19 00:00:00,259,12039,13,31,2657678,2020-02-20 17:42:00,2020-02-20 17:44:00,1068,1,Wednesday,2502.0,2504.0,30.57758,29.20876
2020-02-19 00:00:00,283,12039,13,32,2658871,2020-02-20 18:18:00,2020-02-20 18:20:00,1115,1,Wednesday,2538.0,2540.0,26.658436,32.8677
2020-02-19 00:00:00,78,12039,13,33,2659359,2020-02-20 19:00:00,2020-02-20 19:05:00,1129,1,Wednesday,2580.0,2585.0,44.752777,45.78601
2020-02-19 00:00:00,76,12039,13,34,2659433,2020-02-20 19:14:00,2020-02-20 19:15:00,1132,1,Wednesday,2594.0,2595.0,46.555923,46.77828
2020-02-19 00:00:00,68,12039,13,35,2658999,2020-02-20 20:24:00,2020-02-20 20:27:00,1208,1,Wednesday,2664.0,2667.0,49.069828,46.467857
2020-02-19 00:00:00,67,12039,13,36,2658333,2020-02-20 20:49:00,2020-02-20 20:50:00,1238,1,Wednesday,2689.0,2690.0,48.66329,46.467857
2020-02-19 00:00:00,66,12039,13,37,2659179,2020-02-20 21:08:00,2020-02-20 21:09:00,1258,1,Wednesday,2708.0,2709.0,46.74647,44.79341
2020-02-19 00:00:00,65,12039,13,38,2658592,2020-02-20 21:24:00,2020-02-20 21:25:00,1274,1,Wednesday,2724.0,2725.0,45.91653,43.438805
2020-02-19 00:00:00,64,12039,13,39,2658859,2020-02-20 22:05:00,2020-02-20 22:10:00,1303,1,Wednesday,2765.0,2770.0,41.87711,40.672775
2020-02-19 00:00:00,63,12039,13,40,2659323,2020-02-20 22:40:00,2020-02-20 22:42:00,1345,1,Wednesday,2800.0,2802.0,39.879642,40.222134
2020-02-19 00:00:00,62,12039,13,41,2658847,2020-02-20 23:15:00,2020-02-20 23:20:00,1382,1,Wednesday,2835.0,2840.0,46.280453,46.566406
2020-02-19 00:00:00,61,12039,13,42,2658547,2020-02-20 23:44:00,2020-02-20 23:45:00,1419,1,Wednesday,2864.0,2865.0,49.245125,50.413845
2020-02-19 00:00:00,90,12039,13,43,2733461,2020-02-20 23:57:00,2020-02-20 23:58:00,1432,1,Wednesday,2877.0,2878.0,51.568207,51.080887
2020-02-19 00:00:00,89,12039,13,44,2658901,2020-02-21 00:08:00,2020-02-21 00:10:00,1444,2,Wednesday,2888.0,2890.0,52.88385,54.121105
2020-02-19 00:00:00,88,12039,13,45,2659030,2020-02-21 00:33:00,2020-02-21 00:35:00,1472,2,Wednesday,2913.0,2915.0,51.65597,51.80829
2020-02-19 00:00:00,44,12039,13,46,2657664,2020-02-21 01:40:00,2020-02-21 01:45:00,1522,2,Wednesday,2980.0,2985.0,40.962135,46.262726
2020-02-19 00:00:00,45,12039,13,47,2658959,2020-02-21 02:22:00,2020-02-21 02:25:00,1546,2,Wednesday,3022.0,3025.0,46.550762,48.21838
2020-02-19 00:00:00,234,12039,13,48,2658854,2020-02-21 03:12:00,2020-02-21 03:14:00,1576,2,Wednesday,3072.0,3074.0,50.955204,52.418255
2020-02-19 00:00:00,235,12039,13,49,2658844,2020-02-21 03:39:00,2020-02-21 03:42:00,1601,2,Wednesday,3099.0,3102.0,46.910305,50.834232
2020-02-19 00:00:00,236,12039,13,50,2734674,2020-02-21 04:18:00,2020-02-21 04:19:00,1642,2,Wednesday,3138.0,3139.0,36.26206,41.777424
2020-02-19 00:00:00,237,12039,13,51,2658379,2020-02-21 04:38:00,2020-02-21 04:41:00,1662,2,Wednesday,3158.0,3161.0,30.141706,25.50464
2020-02-19 00:00:00,238,12039,13,52,2659443,2020-02-21 05:12:00,2020-02-21 05:22:00,1696,2,Wednesday,3192.0,3202.0,26.469488,22.18221
2020-02-19 00:00:00,282,12039,13,53,2659560,2020-02-21 06:23:00,2020-02-21 06:28:00,1754,2,Wednesday,3263.0,3268.0,20.783958,21.518171
2020-02-19 00:00:00,239,12039,13,54,2659195,2020-02-21 07:10:00,2020-02-21 07:12:00,1796,2,Wednesday,3310.0,3312.0,26.18568,25.538082
2020-02-19 00:00:00,281,12039,13,55,2659049,2020-02-21 07:27:00,2020-02-21 07:29:00,1811,2,Wednesday,3327.0,3329.0,19.519598,21.339796
2020-02-19 00:00:00,280,12039,13,56,2658044,2020-02-21 07:46:00,2020-02-21 07:48:00,1826,2,Wednesday,3346.0,3348.0,19.72827,21.09723
2020-02-19 00:00:00,240,12039,13,57,2657835,2020-02-21 08:40:00,2020-02-21 08:42:00,1853,2,Wednesday,3400.0,3402.0,26.91873,24.749912
2020-02-19 00:00:00,241,12039,13,58,2658997,2020-02-21 08:57:00,2020-02-21 09:02:00,1857,2,Wednesday,3417.0,3422.0,26.91873,24.97971
2020-02-19 00:00:00,279,12039,13,59,2658856,2020-02-21 09:54:00,2020-02-21 09:56:00,1916,2,Wednesday,3474.0,3476.0,21.42131,20.289415
2020-02-19 00:00:00,243,12039,13,60,2657677,2020-02-21 10:58:00,2020-02-21 11:03:00,1986,2,Wednesday,3538.0,3543.0,25.499216,22.910786
2020-02-19 00:00:00,244,12039,13,61,2659441,2020-02-21 11:43:00,2020-02-21 11:44:00,2022,2,Wednesday,3583.0,3584.0,25.158663,20.7017
2020-02-19 00:00:00,245,12039,13,62,2658907,2020-02-21 12:10:00,2020-02-21 12:11:00,2041,2,Wednesday,3610.0,3611.0,24.994183,20.455976
2020-02-19 00:00:00,246,12039,13,63,2658935,2020-02-21 13:02:00,2020-02-21 13:04:00,2083,2,Wednesday,3662.0,3664.0,22.313997,18.636255
2020-02-19 00:00:00,247,12039,13,64,2657971,2020-02-21 13:25:00,2020-02-21 00:00:00,2086,2,Wednesday,3685.0,2880.0,27.07518,7.0803723
2020-02-20 00:00:00,99,12045,14,1,2658933,2020-02-20 00:00:00,2020-02-20 23:45:00,0,0,Thursday,0.0,1425.0,1.6288234,3.207105
2020-02-20 00:00:00,100,12045,14,2,2657687,2020-02-21 01:50:00,2020-02-21 01:52:00,138,1,Thursday,1550.0,1552.0,12.7651615,16.258757
2020-02-20 00:00:00,101,12045,14,3,2659518,2020-02-21 02:19:00,2020-02-21 02:20:00,176,1,Thursday,1579.0,1580.0,13.555056,15.880674
2020-02-20 00:00:00,102,12045,14,4,2657808,2020-02-21 03:44:00,2020-02-21 03:45:00,293,1,Thursday,1664.0,1665.0,13.967571,17.228603
2020-02-20 00:00:00,178,12045,14,5,2658650,2020-02-21 04:30:00,2020-02-21 04:31:00,342,1,Thursday,1710.0,1711.0,19.87615,20.902723
2020-02-20 00:00:00,177,12045,14,6,2658210,2020-02-21 04:43:00,2020-02-21 04:44:00,357,1,Thursday,1723.0,1724.0,19.818792,20.713251
2020-02-20 00:00:00,176,12045,14,7,2657987,2020-02-21 05:24:00,2020-02-21 05:25:00,400,1,Thursday,1764.0,1765.0,21.029312,22.471321
2020-02-20 00:00:00,103,12045,14,8,2657824,2020-02-21 06:15:00,2020-02-21 06:25:00,431,1,Thursday,1815.0,1825.0,18.456871,21.722942
2020-02-20 00:00:00,296,12045,14,9,2658788,2020-02-21 07:14:00,2020-02-21 07:15:00,491,1,Thursday,1874.0,1875.0,25.695099,26.172203
2020-02-20 00:00:00,297,12045,14,10,2733243,2020-02-21 07:49:00,2020-02-21 07:50:00,539,1,Thursday,1909.0,1910.0,25.872417,26.091413
2020-02-20 00:00:00,298,12045,14,11,2659442,2020-02-21 08:12:00,2020-02-21 08:13:00,558,1,Thursday,1932.0,1933.0,26.929295,24.129803
2020-02-20 00:00:00,299,12045,14,12,2659334,2020-02-21 09:05:00,2020-02-21 09:10:00,581,1,Thursday,1985.0,1990.0,28.319946,26.823614
2020-02-20 00:00:00,300,12045,14,13,2733235,2020-02-21 09:52:00,2020-02-21 09:53:00,631,1,Thursday,2032.0,2033.0,23.051521,22.845654
2020-02-20 00:00:00,301,12045,14,14,2658181,2020-02-21 10:19:00,2020-02-21 10:20:00,668,1,Thursday,2059.0,2060.0,25.66252,24.128435
2020-02-20 00:00:00,302,12045,14,15,2658073,2020-02-21 10:35:00,2020-02-21 10:36:00,685,1,Thursday,2075.0,2076.0,25.38937,23.43321
2020-02-20 00:00:00,303,12045,14,16,2658159,2020-02-21 11:21:00,2020-02-21 11:22:00,748,1,Thursday,2121.0,2122.0,20.705332,21.844662
2020-02-20 00:00:00,304,12045,14,17,2659490,2020-02-21 13:00:00,2020-02-21 13:20:00,782,1,Thursday,2220.0,2240.0,22.27513,25.793882
2020-02-20 00:00:00,305,12045,14,18,2658799,2020-02-21 14:15:00,2020-02-21 14:20:00,843,1,Thursday,2295.0,2300.0,25.572218,26.493343
2020-02-20 00:00:00,306,12045,14,19,2732120,2020-02-21 14:48:00,2020-02-21 14:49:00,873,1,Thursday,2328.0,2329.0,27.364962,29.259684
2020-02-20 00:00:00,307,12045,14,20,2658551,2020-02-21 15:21:00,2020-02-21 15:23:00,912,1,Thursday,2361.0,2363.0,24.821898,25.939892
2020-02-20 00:00:00,308,12045,14,21,2659553,2020-02-21 15:59:00,2020-02-21 16:00:00,959,1,Thursday,2399.0,2400.0,26.329851,28.60942
2020-02-20 00:00:00,309,12045,14,22,2658700,2020-02-21 16:30:00,2020-02-21 16:32:00,985,1,Thursday,2430.0,2432.0,27.500954,30.04227
2020-02-20 00:00:00,310,12045,14,23,2658622,2020-02-21 17:00:00,2020-02-21 17:01:00,1017,1,Thursday,2460.0,2461.0,26.10163,29.610537
2020-02-20 00:00:00,311,12045,14,24,2659593,2020-02-21 17:16:00,2020-02-21 17:17:00,1035,1,Thursday,2476.0,2477.0,25.054945,28.803593
2020-02-20 00:00:00,312,12045,14,25,2657899,2020-02-21 17:45:00,2020-02-21 17:50:00,1060,1,Thursday,2505.0,2510.0,26.431866,29.835863
2020-02-20 00:00:00,313,12045,14,26,2731893,2020-02-21 18:04:00,2020-02-21 18:05:00,1081,1,Thursday,2524.0,2525.0,25.387077,29.392914
2020-02-20 00:00:00,314,12045,14,27,2659423,2020-02-21 18:56:00,2020-02-21 18:57:00,1136,1,Thursday,2576.0,2577.0,27.276531,29.329803
2020-02-20 00:00:00,315,12045,14,28,2734207,2020-02-21 20:05:00,2020-02-21 20:25:00,1207,1,Thursday,2645.0,2665.0,30.227028,30.824152
2020-02-20 00:00:00,316,12045,14,29,2657903,2020-02-21 20:53:00,2020-02-21 20:58:00,1226,1,Thursday,2693.0,2698.0,29.828064,30.801605
2020-02-20 00:00:00,317,12045,14,30,2658279,2020-02-21 21:33:00,2020-02-21 21:38:00,1253,1,Thursday,2733.0,2738.0,28.25214,29.530727
2020-02-20 00:00:00,318,12045,14,31,2658916,2020-02-21 22:36:00,2020-02-21 22:37:00,1326,1,Thursday,2796.0,2797.0,27.389029,28.842463
2020-02-20 00:00:00,319,12045,14,32,2657983,2020-02-21 23:17:00,2020-02-21 23:19:00,1369,1,Thursday,2837.0,2839.0,33.623833,35.24162
2020-02-20 00:00:00,320,12045,14,33,2658113,2020-02-22 00:05:00,2020-02-22 00:10:00,1432,2,Thursday,2885.0,2890.0,40.946762,38.73766
2020-02-20 00:00:00,278,12045,14,34,2658007,2020-02-22 01:43:00,2020-02-22 01:48:00,1548,2,Thursday,2983.0,2988.0,38.8759,39.880096
2020-02-20 00:00:00,277,12045,14,35,2658653,2020-02-22 03:13:00,2020-02-22 03:14:00,1655,2,Thursday,3073.0,3074.0,27.07091,28.543493
2020-02-20 00:00:00,122,12045,14,36,2659041,2020-02-22 04:00:00,2020-02-22 00:00:00,1663,2,Thursday,3120.0,2880.0,37.304943,21.137188
2020-02-20 00:00:00,321,12117,15,1,2658361,2020-02-20 00:00:00,2020-02-20 12:00:00,0,0,Thursday,0.0,720.0,4.3197956,7.619538
2020-02-20 00:00:00,322,12117,15,2,2657970,2020-02-20 12:14:00,2020-02-20 12:17:00,6,0,Thursday,734.0,737.0,8.595721,10.538085
2020-02-20 00:00:00,323,12117,15,3,2657766,2020-02-20 12:34:00,2020-02-20 12:37:00,18,0,Thursday,754.0,757.0,12.047666,13.059422
2020-02-20 00:00:00,324,12117,15,4,2659110,2020-02-20 13:50:00,2020-02-20 13:52:00,108,0,Thursday,830.0,832.0,18.376465,20.092108
2020-02-20 00:00:00,325,12117,15,5,2658429,2020-02-20 14:20:00,2020-02-20 14:25:00,156,0,Thursday,860.0,865.0,18.376465,20.281076
2020-02-20 00:00:00,326,12117,15,6,2658862,2020-02-20 14:51:00,2020-02-20 14:53:00,183,0,Thursday,891.0,893.0,18.526098,20.2759
2020-02-20 00:00:00,327,12117,15,7,2659534,2020-02-20 15:31:00,2020-02-20 15:36:00,222,0,Thursday,931.0,936.0,18.183674,20.189278
2020-02-20 00:00:00,241,12117,15,8,2658997,2020-02-20 16:15:00,2020-02-20 16:20:00,252,0,Thursday,975.0,980.0,16.347605,18.1242
2020-02-20 00:00:00,279,12117,15,9,2658856,2020-02-20 17:04:00,2020-02-20 17:06:00,311,0,Thursday,1024.0,1026.0,18.382334,20.404213
2020-02-20 00:00:00,243,12117,15,10,2657677,2020-02-20 18:05:00,2020-02-20 18:15:00,381,0,Thursday,1085.0,1095.0,12.77078,14.946515
2020-02-20 00:00:00,328,12117,15,11,2657679,2020-02-20 19:19:00,2020-02-20 19:21:00,455,0,Thursday,1159.0,1161.0,14.844159,17.530993
2020-02-20 00:00:00,329,12117,15,12,2659080,2020-02-20 20:20:00,2020-02-20 20:22:00,528,0,Thursday,1220.0,1222.0,15.054069,17.649336
2020-02-20 00:00:00,330,12117,15,13,2732042,2020-02-20 20:45:00,2020-02-20 20:47:00,561,0,Thursday,1245.0,1247.0,17.05403,18.69541
2020-02-20 00:00:00,349,12117,15,14,2659597,2020-02-20 22:20:00,2020-02-20 22:30:00,642,0,Thursday,1340.0,1350.0,16.197252,17.751686
2020-02-20 00:00:00,331,12117,15,15,2659388,2020-02-20 23:20:00,2020-02-20 23:25:00,683,0,Thursday,1400.0,1405.0,15.971067,17.072084
2020-02-20 00:00:00,332,12117,15,16,2658477,2020-02-21 00:23:00,2020-02-21 00:25:00,775,1,Thursday,1463.0,1465.0,19.144861,19.854326
2020-02-20 00:00:00,333,12117,15,17,2659259,2020-02-21 01:08:00,2020-02-21 01:10:00,836,1,Thursday,1508.0,1510.0,16.72029,17.689384
2020-02-20 00:00:00,334,12117,15,18,2659081,2020-02-21 02:10:00,2020-02-21 02:20:00,909,1,Thursday,1570.0,1580.0,18.514614,19.466711
2020-02-20 00:00:00,335,12117,15,19,2658245,2020-02-21 03:48:00,2020-02-21 03:50:00,1017,1,Thursday,1668.0,1670.0,21.20252,21.956697
2020-02-20 00:00:00,336,12117,15,20,2657753,2020-02-21 04:40:00,2020-02-21 04:45:00,1080,1,Thursday,1720.0,1725.0,21.44295,22.866219
2020-02-20 00:00:00,337,12117,15,21,2658411,2020-02-21 05:18:00,2020-02-21 05:20:00,1125,1,Thursday,1758.0,1760.0,23.149439,21.792133
2020-02-20 00:00:00,338,12117,15,22,2657803,2020-02-21 05:48:00,2020-02-21 05:50:00,1157,1,Thursday,1788.0,1790.0,22.133406,21.85996
2020-02-20 00:00:00,339,12117,15,23,2657713,2020-02-21 06:28:00,2020-02-21 06:30:00,1199,1,Thursday,1828.0,1830.0,22.557869,21.605036
2020-02-20 00:00:00,21,12117,15,24,2659144,2020-02-21 07:35:00,2020-02-21 07:40:00,1233,1,Thursday,1895.0,1900.0,22.916403,26.875402
2020-02-20 00:00:00,19,12117,15,25,2659398,2020-02-21 09:28:00,2020-02-21 09:30:00,1346,1,Thursday,2008.0,2010.0,18.26042,23.010916
2020-02-20 00:00:00,210,12117,15,26,2657830,2020-02-21 10:01:00,2020-02-21 10:03:00,1367,1,Thursday,2041.0,2043.0,14.1849785,15.640172
2020-02-20 00:00:00,18,12117,15,27,2657756,2020-02-21 10:40:00,2020-02-21 11:05:00,1374,1,Thursday,2080.0,2105.0,23.284233,27.21214
2020-02-20 00:00:00,148,12117,15,28,2658271,2020-02-21 11:19:00,2020-02-21 11:21:00,1378,1,Thursday,2119.0,2121.0,29.980871,32.91255
2020-02-20 00:00:00,149,12117,15,29,2658765,2020-02-21 11:50:00,2020-02-21 11:52:00,1419,1,Thursday,2150.0,2152.0,33.46353,38.801468
2020-02-20 00:00:00,152,12117,15,30,2658611,2020-02-21 12:26:00,2020-02-21 12:28:00,1464,1,Thursday,2186.0,2188.0,34.416805,38.24835
2020-02-20 00:00:00,153,12117,15,31,2658272,2020-02-21 12:51:00,2020-02-21 12:53:00,1498,1,Thursday,2211.0,2213.0,33.04789,37.785984
2020-02-20 00:00:00,154,12117,15,32,2659417,2020-02-21 13:19:00,2020-02-21 13:21:00,1531,1,Thursday,2239.0,2241.0,34.558548,38.396526
2020-02-20 00:00:00,155,12117,15,33,2659509,2020-02-21 14:40:00,2020-02-21 15:15:00,1572,1,Thursday,2320.0,2355.0,45.014435,46.65643
2020-02-20 00:00:00,340,12117,15,34,2657851,2020-02-21 15:07:00,2020-02-21 15:09:00,1581,1,Thursday,2347.0,2349.0,33.339508,32.67916
2020-02-20 00:00:00,341,12117,15,35,2658485,2020-02-21 15:42:00,2020-02-21 15:44:00,1627,1,Thursday,2382.0,2384.0,22.461998,27.049944
2020-02-20 00:00:00,156,12117,15,36,2658510,2020-02-21 15:57:00,2020-02-21 16:10:00,1639,1,Thursday,2397.0,2410.0,31.16118,40.2472
2020-02-20 00:00:00,342,12117,15,37,2658036,2020-02-21 15:56:00,2020-02-21 15:58:00,1644,1,Thursday,2396.0,2398.0,20.981525,26.787645
2020-02-20 00:00:00,158,12117,15,38,2658088,2020-02-21 16:45:00,2020-02-21 00:00:00,1676,1,Thursday,2445.0,1440.0,24.57146,17.95176
2020-02-20 00:00:00,343,12117,15,39,2658435,2020-02-21 16:46:00,2020-02-21 16:51:00,1687,1,Thursday,2446.0,2451.0,20.358894,20.578838
2020-02-20 00:00:00,344,12117,15,40,2658284,2020-02-21 17:19:00,2020-02-21 17:21:00,1723,1,Thursday,2479.0,2481.0,17.445448,19.966913
2020-02-20 00:00:00,345,12117,15,41,2657701,2020-02-21 17:37:00,2020-02-21 17:39:00,1739,1,Thursday,2497.0,2499.0,19.639807,21.803675
2020-02-20 00:00:00,346,12117,15,42,2657676,2020-02-21 17:53:00,2020-02-21 17:58:00,1744,1,Thursday,2513.0,2518.0,18.383123,20.901445
2020-02-20 00:00:00,347,12117,15,43,2658299,2020-02-21 18:30:00,2020-02-21 18:32:00,1780,1,Thursday,2550.0,2552.0,19.019814,23.702114
2020-02-20 00:00:00,348,12117,15,44,2657719,2020-02-21 19:20:00,2020-02-21 00:00:00,1823,1,Thursday,2600.0,1440.0,23.247057,22.19432
